Timestamp;jenis kelamin;Umur;Pekerjaan;Domisili;Anda pernah berbelanja online;Aplikasi apa yang digunakan untuk dapat berbelanja online? ;Seberapa sering berbelanja di Online Digital Shopping yang anda pilih dalam sebulan?;Pengeluaran yang dikeluarkan dalam berbelanja online ;Berbelanja online lebih mudah dibandingkan belanja konvensional;Platform belanja online yang saya gunakan mudah untuk dimengerti;Platform belanja online yang saya gunakan mudah untuk dikendalikan;Platform belanja online yang saya gunakan dapat dengan mudah dipelajari;Saya bisa menggunakan platform belanja online dengan fleksible;Menurut saya proses transaksi di platform belanja online mudah di pahami;Proses transaksi di platform belanja online dapat digunakan praktis;Proses transaksi di platform belanja online dapat dengan mudah dilakukan di mana saja;Saya dapat mengakses aplikasi belanja online dengan mudah ;Saya dapat dengan cepat mempelajari platform belanja online yang saya gunakan ;Menurut saya platform belanja online ini mudah untuk berinteraksi (baik pembeli dan penjual, maupun customer dengan customer service) ;Terdapat langkah yang jelas dalam penggunaan aplikasi belanja online  ;Harga yang ditawarkan di platform belanja online lebih terjangkau dibanding dengan pasar konvensional;Menurut saya, variasi harga antar toko di platform digital online sangat diperlukan;Menurut saya, harga pada platform belanja online menentukan kualitas barang yang dibeli ;Menurut saya kesesuaian harga dengan manfaat barang sangat berpengaruh  ;Pilihan produk yang beragam sangat berpengaruh terhadap keputusan pembelian ;Brand yang sudah terkenal lebih diminati oleh para pembeli di online digital platform ;Biasanya saya melakukan pembelian di waktu-waktu tertentu saja (seperti harbolnas, adanya gratis ongkir, dll);Jumlah produk yang tersedia di platform belanja online mempengaruhi keputusan pembelian konsumen;Metode pembayaran yang beragam sangat berpengaruh terhadap keputusan pembelian;Metode pembayaran yang praktis lebih diminati oleh para pembeli
5/25/2024 11:40:02;Laki-Laki;16 - 25 tahun;Mahasiswa/i;Tangerang;Ya;Shopee, Tokopedia;1 - 2 kali;Rp 100.000 - Rp 500.000;2;3;2;3;3;3;3;4;2;3;3;2;3;3;2;3;2;3;3;3;3;3
5/26/2024 16:01:10;Laki-Laki;16 - 25 tahun;Mahasiswa/i;Jakarta;Ya;Tokopedia;> 10 kali;> Rp 500.000;4;4;4;4;4;4;4;4;4;4;4;3;4;4;4;4;4;4;2;3;4;4
5/26/2024 16:03:06;Perempuan;16 - 25 tahun;Mahasiswa/i;Tangerang;Ya;Shopee;3 - 10 kali;> Rp 500.000;4;4;4;4;4;4;4;4;4;4;4;4;4;4;3;4;4;4;3;4;4;4
5/26/2024 16:03:09;Perempuan;16 - 25 tahun;Mahasiswa/i;Tangerang;Ya;Shopee;1 - 2 kali;< Rp 100.000;2;3;3;3;3;3;3;3;3;3;3;3;3;3;3;3;4;3;3;3;3;3
5/26/2024 16:03:15;Laki-Laki;16 - 25 tahun;Pelajar;Tangerang;Ya;Tokopedia;1 - 2 kali;Rp 100.000 - Rp 500.000;4;4;4;4;4;4;4;4;4;4;4;4;4;4;4;4;4;4;4;4;4;4
5/26/2024 16:04:19;Laki-Laki;16 - 25 tahun;Mahasiswa/i;Tangerang;Ya;Shopee;1 - 2 kali;Rp 100.000 - Rp 500.000;3;3;4;4;4;3;4;4;4;4;4;3;4;4;2;3;4;4;4;4;4;4
5/26/2024 16:07:13;Perempuan;16 - 25 tahun;Mahasiswa/i;Tangerang;Ya;Shopee;> 10 kali;> Rp 500.000;4;4;4;4;4;4;4;4;4;4;4;4;4;4;4;4;4;4;4;4;4;4
5/26/2024 16:07:54;Laki-Laki;16 - 25 tahun;Mahasiswa/i;Tangerang;Ya;Shopee;1 - 2 kali;< Rp 100.000;2;4;4;4;4;4;4;4;4;3;3;3;3;4;4;4;4;3;4;3;4;4
5/26/2024 16:07:59;Perempuan;16 - 25 tahun;Mahasiswa/i;Tangerang;Ya;Shopee;3 - 10 kali;Rp 100.000 - Rp 500.000;4;4;4;4;4;4;4;4;4;4;4;4;4;4;4;4;4;4;4;4;4;4
5/26/2024 16:54:04;Perempuan;16 - 25 tahun;Mahasiswa/i;Tangerang;Ya;Shopee;1 - 2 kali;Rp 100.000 - Rp 500.000;3;4;3;3;4;3;4;4;4;3;2;3;2;3;4;2;3;4;2;2;4;4
5/26/2024 17:22:40;Laki-Laki;16 - 25 tahun;Mahasiswa/i;Jakarta;Ya;Tokopedia;1 - 2 kali;Rp 100.000 - Rp 500.000;3;4;4;4;4;4;4;4;4;4;3;4;3;3;3;4;4;4;3;4;3;4
5/26/2024 17:36:08;Laki-Laki;16 - 25 tahun;Mahasiswa/i;Tangerang;Ya;Tokopedia;3 - 10 kali;Rp 100.000 - Rp 500.000;3;4;4;4;4;4;4;4;4;4;4;4;3;3;4;4;4;4;1;4;4;4
5/26/2024 18:29:09;Perempuan;26 - 36 tahun;Karyawan;Tangerang;Ya;Shopee;1 - 2 kali;< Rp 100.000;4;4;4;4;3;3;3;3;3;3;3;3;3;3;3;3;3;2;4;3;4;4
5/26/2024 19:27:24;Perempuan;16 - 25 tahun;Mahasiswa/i;Tangerang;Ya;Shopee, Tokopedia, Blibli, Lazada;1 - 2 kali;Rp 100.000 - Rp 500.000;4;4;4;4;4;4;4;4;4;4;4;3;3;3;4;4;3;4;4;4;3;4
5/26/2024 20:41:27;Perempuan;16 - 25 tahun;Mahasiswa/i;Depok;Ya;Shopee;> 10 kali;Rp 100.000 - Rp 500.000;4;4;2;4;4;4;4;4;4;4;3;4;4;4;1;4;4;1;2;4;3;4
5/27/2024 7:53:29;Perempuan;16 - 25 tahun;Mahasiswa/i;Jakarta;Ya;Shopee, Tokopedia;1 - 2 kali;< Rp 100.000;3;3;3;3;3;3;3;3;3;3;3;3;3;3;3;3;3;3;3;3;3;3
5/27/2024 8:25:44;Perempuan;16 - 25 tahun;Pelajar;Jakarta;Ya;Shopee;3 - 10 kali;> Rp 500.000;3;3;3;3;3;3;3;3;3;3;3;3;4;3;4;3;3;3;3;3;4;4
5/27/2024 8:50:26;Perempuan;16 - 25 tahun;Mahasiswa/i;Tangerang;Ya;Shopee, Tokopedia;1 - 2 kali;< Rp 100.000;4;4;4;4;4;4;4;4;4;4;4;4;3;3;2;2;4;4;3;2;2;3
5/27/2024 9:22:59;Perempuan;16 - 25 tahun;Mahasiswa/i;Jakarta;Ya;Shopee;3 - 10 kali;Rp 100.000 - Rp 500.000;4;3;3;3;4;4;4;4;4;4;4;4;4;4;4;4;3;3;2;4;4;4
5/27/2024 9:29:19;Perempuan;16 - 25 tahun;Karyawan;Jakarta;Ya;Shopee;> 10 kali;> Rp 500.000;4;3;4;4;4;4;4;4;4;4;4;4;3;4;4;3;4;4;3;4;3;4
5/27/2024 9:50:01;Laki-Laki;16 - 25 tahun;Mahasiswa/i;Tangerang;Ya;Shopee;1 - 2 kali;< Rp 100.000;4;4;4;4;4;4;4;4;4;4;4;4;4;3;3;4;4;4;4;4;4;4
5/27/2024 9:52:31;Laki-Laki;16 - 25 tahun;Pelajar;Tangerang;Ya;Shopee, Tokopedia, gojek untuk berbelanja snack dan kebutuhan bahan pangan;3 - 10 kali;> Rp 500.000;4;4;4;4;4;4;4;3;4;4;3;3;4;3;4;4;3;4;2;3;4;4
5/27/2024 10:13:19;Perempuan;16 - 25 tahun;Karyawan;Jakarta;Ya;Shopee;1 - 2 kali;< Rp 100.000;3;3;3;3;3;3;3;3;3;3;3;3;3;3;3;3;3;3;3;3;3;3
5/27/2024 10:16:13;Laki-Laki;16 - 25 tahun;Karyawan;Jakarta;Ya;Shopee, Tokopedia, ;> 10 kali;Rp 100.000 - Rp 500.000;3;3;3;4;4;3;2;3;3;3;2;2;3;3;3;3;3;3;4;4;4;4
5/27/2024 11:28:41;Laki-Laki;16 - 25 tahun;Mahasiswa/i;Tangerang Selatan;Ya;Shopee, Tokopedia, Pizza Hut Delivery, K24Klik;> 10 kali;Rp 100.000 - Rp 500.000;2;3;3;3;3;4;4;4;4;4;2;4;4;4;3;4;4;1;4;4;4;4
5/27/2024 11:42:16;Laki-Laki;16 - 25 tahun;Mahasiswa/i;Tangerang;Ya;Shopee, Tokopedia;1 - 2 kali;Rp 100.000 - Rp 500.000;3;3;3;4;4;3;2;3;4;3;2;2;2;3;4;4;4;4;4;1;3;4
5/27/2024 11:51:31;Perempuan;16 - 25 tahun;Pelajar siswa/i;Bekasi;Ya;Shopee, Tiktok Shop;1 - 2 kali;< Rp 100.000;4;4;4;4;3;4;4;3;3;3;2;3;4;4;2;4;4;2;4;4;4;4
5/27/2024 12:06:27;Laki-Laki;16 - 25 tahun;Mahasiswa/i;Tangerang;Ya;Shopee;1 - 2 kali;Rp 100.000 - Rp 500.000;4;4;4;4;4;4;4;4;4;4;4;4;3;3;3;3;4;3;4;3;4;4
5/27/2024 13:18:50;Laki-Laki;16 - 25 tahun;Mahasiswa/i;Tangerang;Ya;Tokopedia;1 - 2 kali;Rp 100.000 - Rp 500.000;3;3;3;4;3;3;4;3;4;3;2;3;4;3;2;2;3;4;2;1;3;3
5/27/2024 18:49:47;Perempuan;16 - 25 tahun;Mahasiswa/i;Tangerang;Ya;Shopee, Tokopedia;3 - 10 kali;< Rp 100.000;4;4;4;4;4;4;4;4;4;4;4;4;4;4;4;4;4;4;4;4;4;4
5/27/2024 19:02:44;Laki-Laki;16 - 25 tahun;Mahasiswa/i;Jakarta;Ya;Tokopedia;> 10 kali;> Rp 500.000;3;4;3;3;3;4;4;4;4;4;4;3;3;4;4;4;4;3;4;4;3;4
5/27/2024 20:54:12;Laki-Laki;16 - 25 tahun;Mahasiswa/i;Jakarta;Ya;Shopee, ;> 10 kali;> Rp 500.000;3;3;4;4;3;4;3;4;3;4;3;4;3;3;3;3;4;4;4;4;4;4
5/27/2024 20:56:59;Perempuan;26 - 36 tahun;Mahasiswa/i;Jakarta;Ya;Tokopedia, ;3 - 10 kali;> Rp 500.000;3;3;4;4;4;3;4;4;3;3;4;4;4;4;4;4;3;3;3;4;4;4
5/27/2024 21:01:48;Laki-Laki;16 - 25 tahun;Karyawan;Jakarta;Ya;Shopee, Tokopedia;> 10 kali;> Rp 500.000;3;4;4;4;4;3;4;4;3;4;3;4;2;4;4;4;3;2;2;4;3;3
5/27/2024 21:08:02;Perempuan;16 - 25 tahun;Karyawan;Jakarta;Ya;Shopee, ;> 10 kali;> Rp 500.000;4;4;4;4;4;3;3;3;4;4;3;4;4;3;3;3;2;4;4;4;3;3
5/27/2024 21:26:42;Laki-Laki;16 - 25 tahun;Mahasiswa/i;Jakarta;Ya;Shopee, Tokopedia, ;> 10 kali;> Rp 500.000;3;3;4;3;3;3;3;3;3;4;3;3;3;3;3;4;3;3;3;3;3;3
5/27/2024 21:28:30;Perempuan;16 - 25 tahun;Wiraswasta;Jakarta;Ya;Shopee, Tokopedia;> 10 kali;> Rp 500.000;3;3;3;3;3;3;3;3;3;3;3;3;3;3;3;3;3;3;3;3;3;3
5/27/2024 22:04:29;Laki-Laki;16 - 25 tahun;Karyawan;Jakarta;Ya;Shopee, ;3 - 10 kali;Rp 100.000 - Rp 500.000;4;4;4;3;4;3;3;3;3;3;3;3;3;3;4;4;4;4;4;4;4;4
5/27/2024 23:12:49;Laki-Laki;16 - 25 tahun;Mahasiswa/i;Jakarta;Ya;Shopee;3 - 10 kali;> Rp 500.000;4;4;4;4;4;4;4;4;4;4;4;4;4;4;4;4;4;4;4;4;3;3
5/27/2024 23:13:00;Laki-Laki;16 - 25 tahun;Karyawan;Jakarta;Ya;Shopee;3 - 10 kali;Rp 100.000 - Rp 500.000;4;3;2;3;4;3;2;3;3;4;3;4;4;2;4;2;3;2;4;3;3;4
5/27/2024 23:13:02;Laki-Laki;16 - 25 tahun;Mahasiswa/i;Jakarta;Ya;Shopee;1 - 2 kali;< Rp 100.000;3;4;4;4;3;4;4;4;3;3;4;4;4;4;3;4;4;4;4;3;4;3
5/27/2024 23:13:23;Laki-Laki;16 - 25 tahun;Karyawan;Jakarta;Ya;Shopee;3 - 10 kali;Rp 100.000 - Rp 500.000;3;3;4;4;3;4;4;3;3;4;3;4;3;4;3;3;4;4;3;4;4;4
5/27/2024 23:13:30;Laki-Laki;16 - 25 tahun;Mahasiswa/i;Jakarta;Ya;Tokopedia;1 - 2 kali;Rp 100.000 - Rp 500.000;4;3;4;4;4;4;3;4;4;3;4;4;4;4;3;3;4;4;4;3;4;3
5/27/2024 23:13:30;Laki-Laki;16 - 25 tahun;Karyawan;Jakarta;Ya;Shopee;1 - 2 kali;< Rp 100.000;4;3;4;3;4;4;3;3;3;4;4;3;4;3;3;4;3;3;3;3;3;4
5/27/2024 23:13:49;Laki-Laki;16 - 25 tahun;Karyawan;Tangerang;Ya;Tokopedia;1 - 2 kali;Rp 100.000 - Rp 500.000;3;4;4;3;4;4;3;4;3;4;3;4;3;4;4;3;3;4;4;4;4;3
5/27/2024 23:15:35;Laki-Laki;16 - 25 tahun;Karyawan;Jakarta;Ya;Shopee;1 - 2 kali;Rp 100.000 - Rp 500.000;4;4;4;3;4;3;3;4;4;3;4;4;3;4;4;3;4;4;4;3;4;3
5/27/2024 23:15:50;Laki-Laki;26 - 36 tahun;Mahasiswa/i;Jakarta;Ya;Shopee;> 10 kali;> Rp 500.000;3;4;4;3;3;3;4;4;3;4;3;4;3;4;3;4;3;4;4;3;3;3
5/27/2024 23:15:50;Laki-Laki;16 - 25 tahun;Karyawan;Jakarta;Ya;Shopee, Tokopedia;3 - 10 kali;Rp 100.000 - Rp 500.000;3;3;3;4;4;4;3;4;3;4;4;4;3;3;3;4;4;4;4;4;4;4
5/27/2024 23:16:50;Perempuan;16 - 25 tahun;Mahasiswa/i;Jakarta;Ya;Shopee;1 - 2 kali;Rp 100.000 - Rp 500.000;3;4;3;3;4;4;3;3;4;3;3;4;3;4;4;3;3;4;3;4;4;3
5/27/2024 23:17:24;Laki-Laki;16 - 25 tahun;Karyawan;Jakarta;Ya;Shopee, Tokopedia;3 - 10 kali;Rp 100.000 - Rp 500.000;4;4;4;3;3;3;4;3;3;4;3;3;3;3;3;4;4;4;3;4;4;4
5/27/2024 23:17:26;Laki-Laki;16 - 25 tahun;Mahasiswa/i;Jakarta;Ya;Tokopedia;3 - 10 kali;< Rp 100.000;3;3;4;3;3;3;4;4;3;4;4;3;3;3;4;4;3;4;3;3;4;4
5/27/2024 23:17:30;Laki-Laki;16 - 25 tahun;Karyawan;Jakarta;Ya;Shopee, Tokopedia;1 - 2 kali;Rp 100.000 - Rp 500.000;3;4;4;4;4;4;3;3;4;4;4;3;3;4;3;4;4;4;4;4;3;4
5/27/2024 23:17:43;Laki-Laki;16 - 25 tahun;Mahasiswa/i;Jakarta;Ya;Shopee;3 - 10 kali;Rp 100.000 - Rp 500.000;3;4;3;4;4;3;4;4;3;3;3;4;4;4;3;4;3;3;4;4;4;3
5/27/2024 23:18:08;Laki-Laki;16 - 25 tahun;Karyawan;Jakarta;Ya;Shopee, Tokopedia;1 - 2 kali;Rp 100.000 - Rp 500.000;3;4;4;4;3;3;3;3;4;4;4;4;3;3;3;4;4;3;4;4;3;4
5/27/2024 23:18:45;Laki-Laki;26 - 36 tahun;Karyawan;Jakarta;Ya;Shopee;> 10 kali;> Rp 500.000;3;4;4;3;4;3;4;4;3;4;4;3;4;3;4;4;3;4;4;4;3;4
5/27/2024 23:19:15;Laki-Laki;16 - 25 tahun;Wiraswasta;Jakarta;Ya;Tokopedia;3 - 10 kali;Rp 100.000 - Rp 500.000;4;4;3;4;3;3;4;4;3;4;3;4;3;4;4;4;3;4;3;4;4;4
5/27/2024 23:19:37;Laki-Laki;16 - 25 tahun;Karyawan;Jakarta;Ya;Shopee;1 - 2 kali;Rp 100.000 - Rp 500.000;4;4;3;4;4;4;3;4;4;4;4;4;4;4;4;3;4;4;4;4;3;4
5/27/2024 23:20:27;Laki-Laki;16 - 25 tahun;Wiraswasta;Jakarta;Ya;Shopee;3 - 10 kali;Rp 100.000 - Rp 500.000;3;4;3;3;4;4;3;3;3;4;4;3;3;4;4;3;3;4;3;3;4;4
5/27/2024 23:21:21;Laki-Laki;16 - 25 tahun;Mahasiswa/i;Tangerang;Ya;Shopee, Tokopedia, Lazada..tiktok..tokped;3 - 10 kali;> Rp 500.000;4;4;4;4;4;4;4;4;4;4;4;4;4;4;4;4;4;4;4;4;4;4
5/27/2024 23:21:35;Laki-Laki;16 - 25 tahun;Mahasiswa/i;Jakarta;Ya;Shopee;1 - 2 kali;< Rp 100.000;3;4;3;4;3;4;4;3;4;4;3;4;4;4;3;4;4;4;4;3;4;3
5/27/2024 23:21:43;Laki-Laki;16 - 25 tahun;Mahasiswa/i;Jakarta;Ya;Shopee;1 - 2 kali;Rp 100.000 - Rp 500.000;4;4;4;3;3;4;4;4;4;3;4;4;3;3;4;4;4;4;3;4;4;4
5/27/2024 23:21:48;Laki-Laki;16 - 25 tahun;Karyawan;Jakarta;Ya;Shopee, Tokopedia;3 - 10 kali;Rp 100.000 - Rp 500.000;3;4;4;3;4;3;4;3;4;4;3;4;3;4;3;4;4;4;3;4;3;4
5/27/2024 23:21:50;Laki-Laki;16 - 25 tahun;Mahasiswa/i;Jakarta;Ya;Shopee;3 - 10 kali;Rp 100.000 - Rp 500.000;4;4;3;4;4;4;3;3;3;4;4;3;4;3;3;3;3;4;4;3;4;4
5/27/2024 23:21:58;Laki-Laki;16 - 25 tahun;Mahasiswa/i;Jakarta;Ya;Shopee;1 - 2 kali;< Rp 100.000;3;4;4;4;4;4;4;4;3;4;4;4;4;4;4;4;3;4;4;3;3;3
5/27/2024 23:22:51;Laki-Laki;16 - 25 tahun;Karyawan;Jakarta;Ya;Tokopedia;1 - 2 kali;< Rp 100.000;3;4;4;4;4;3;3;3;4;3;4;3;3;4;3;3;3;3;4;4;4;3
5/27/2024 23:23:10;Laki-Laki;16 - 25 tahun;Mahasiswa/i;Jakarta;Ya;Shopee, Tokopedia;3 - 10 kali;Rp 100.000 - Rp 500.000;4;3;4;4;4;3;4;3;4;4;3;4;4;4;4;4;4;3;3;4;3;3
5/27/2024 23:23:38;Laki-Laki;16 - 25 tahun;Mahasiswa/i;Tangerang;Ya;Tokopedia;1 - 2 kali;< Rp 100.000;3;4;4;4;3;4;4;4;4;3;4;4;4;4;3;4;3;4;3;4;4;4
5/27/2024 23:24:07;Perempuan;16 - 25 tahun;Mahasiswa/i;Jakarta;Ya;Shopee, Tokopedia;3 - 10 kali;Rp 100.000 - Rp 500.000;3;4;3;4;3;3;4;4;4;3;4;4;4;4;3;3;4;3;4;4;4;3
5/27/2024 23:24:23;Laki-Laki;16 - 25 tahun;Karyawan;Jakarta;Ya;Shopee;1 - 2 kali;Rp 100.000 - Rp 500.000;3;4;4;4;3;4;4;3;4;3;4;4;4;3;3;3;4;4;4;3;3;4
5/27/2024 23:24:34;Laki-Laki;16 - 25 tahun;Wiraswasta;Jakarta;Ya;Tokopedia;3 - 10 kali;> Rp 500.000;3;3;4;1;3;3;4;4;4;3;3;4;4;3;4;3;3;4;4;3;4;4
5/27/2024 23:25:02;Perempuan;16 - 25 tahun;Mahasiswa/i;Jakarta;Ya;Shopee;3 - 10 kali;Rp 100.000 - Rp 500.000;3;4;3;4;3;3;4;4;3;3;4;4;3;4;4;3;3;4;4;3;4;3
5/27/2024 23:25:04;Laki-Laki;16 - 25 tahun;Karyawan;Jakarta;Ya;Tokopedia;> 10 kali;< Rp 100.000;3;3;4;4;4;4;4;4;4;4;4;4;3;4;4;3;3;4;4;3;3;4
5/27/2024 23:25:05;Laki-Laki;16 - 25 tahun;Karyawan;Jakarta;Ya;Shopee, Tokopedia;3 - 10 kali;> Rp 500.000;4;4;4;4;4;4;4;4;4;4;4;4;4;4;4;4;4;4;4;4;4;4
5/27/2024 23:25:35;Laki-Laki;16 - 25 tahun;Mahasiswa/i;Jakarta;Ya;Shopee;1 - 2 kali;Rp 100.000 - Rp 500.000;3;3;3;3;3;4;3;3;4;4;3;3;4;3;3;4;3;3;4;3;4;4
5/27/2024 23:25:43;Laki-Laki;16 - 25 tahun;Karyawan;Jakarta;Ya;Shopee;3 - 10 kali;> Rp 500.000;4;4;3;4;4;3;3;4;3;4;4;4;3;3;3;4;3;4;3;4;3;4
5/27/2024 23:25:49;Laki-Laki;16 - 25 tahun;Mahasiswa/i;Jakarta;Ya;Shopee, Tokopedia;3 - 10 kali;Rp 100.000 - Rp 500.000;4;3;4;4;4;4;4;4;4;4;4;4;3;4;4;4;4;4;4;4;4;4
5/27/2024 23:25:50;Laki-Laki;16 - 25 tahun;Karyawan;Tangerang;Ya;Tokopedia;1 - 2 kali;Rp 100.000 - Rp 500.000;4;4;4;4;3;3;4;4;4;3;4;3;4;3;4;4;4;3;4;3;4;4
5/27/2024 23:25:55;Laki-Laki;16 - 25 tahun;Karyawan;Jakarta;Ya;Shopee, Tokopedia;3 - 10 kali;Rp 100.000 - Rp 500.000;4;4;4;3;3;4;3;4;4;3;4;4;4;4;3;4;4;3;4;4;4;3
5/27/2024 23:26:43;Laki-Laki;16 - 25 tahun;Mahasiswa/i;Jakarta;Ya;Shopee, Tokopedia;3 - 10 kali;> Rp 500.000;4;4;4;4;4;4;4;3;4;4;4;4;4;3;4;4;4;4;4;3;4;3
5/27/2024 23:26:58;Laki-Laki;16 - 25 tahun;Mahasiswa/i;Jakarta;Ya;Tokopedia;1 - 2 kali;Rp 100.000 - Rp 500.000;3;4;3;4;3;4;3;3;3;3;4;3;3;4;3;4;3;4;4;3;3;4
5/27/2024 23:27:31;Laki-Laki;16 - 25 tahun;Karyawan;Jakarta;Ya;Shopee, Tokopedia;3 - 10 kali;Rp 100.000 - Rp 500.000;4;3;4;4;4;4;3;4;4;4;3;4;4;3;4;4;3;4;3;3;4;4
5/27/2024 23:27:32;Laki-Laki;16 - 25 tahun;Mahasiswa/i;Jakarta;Ya;Shopee;3 - 10 kali;Rp 100.000 - Rp 500.000;4;4;4;4;4;3;4;3;4;4;3;4;4;4;4;4;4;4;4;3;3;4
5/27/2024 23:27:42;Perempuan;16 - 25 tahun;Mahasiswa/i;Tangerang;Ya;Tokopedia;3 - 10 kali;Rp 100.000 - Rp 500.000;3;4;4;4;3;3;4;4;3;4;4;3;3;4;3;4;4;3;4;3;3;4
5/27/2024 23:27:58;Laki-Laki;16 - 25 tahun;Karyawan;Jakarta;Ya;Shopee, Tokopedia;1 - 2 kali;< Rp 100.000;4;3;3;3;3;3;3;4;4;4;3;4;3;3;4;3;4;4;3;3;3;4
5/27/2024 23:28:00;Laki-Laki;16 - 25 tahun;Mahasiswa/i;Jakarta;Ya;Shopee;3 - 10 kali;> Rp 500.000;4;4;3;4;4;3;4;4;4;3;4;4;3;4;3;3;4;4;3;4;3;4
5/27/2024 23:28:02;Perempuan;16 - 25 tahun;Mahasiswa/i;Jakarta;Ya;Shopee;3 - 10 kali;Rp 100.000 - Rp 500.000;3;4;3;4;4;4;3;4;3;3;4;4;3;3;4;4;3;4;4;3;4;4
5/27/2024 23:28:22;Laki-Laki;16 - 25 tahun;Mahasiswa/i;Jakarta;Ya;Shopee;3 - 10 kali;> Rp 500.000;4;4;4;3;4;4;4;4;4;4;3;4;4;4;4;3;4;4;4;3;4;4
5/27/2024 23:28:56;Laki-Laki;16 - 25 tahun;Mahasiswa/i;Tangerang;Ya;Shopee, Tokopedia, Lazada;3 - 10 kali;> Rp 500.000;4;4;4;4;4;4;4;4;4;4;4;4;4;4;4;4;4;4;4;4;4;4
5/27/2024 23:29:06;Laki-Laki;16 - 25 tahun;Mahasiswa/i;Jakarta;Ya;Tokopedia;1 - 2 kali;Rp 100.000 - Rp 500.000;4;4;4;4;3;4;4;4;4;4;4;4;4;3;4;4;4;4;4;4;3;4
5/27/2024 23:29:27;Laki-Laki;16 - 25 tahun;Karyawan;Jakarta;Ya;Shopee, Tokopedia;3 - 10 kali;Rp 100.000 - Rp 500.000;4;3;4;3;4;4;3;4;4;3;4;3;4;3;3;4;4;3;4;4;3;4
5/27/2024 23:29:33;Laki-Laki;16 - 25 tahun;Mahasiswa/i;Jakarta;Ya;Tokopedia;3 - 10 kali;> Rp 500.000;4;4;3;3;4;4;4;3;4;4;3;4;4;3;4;4;3;4;3;4;3;3
5/27/2024 23:29:53;Laki-Laki;16 - 25 tahun;Mahasiswa/i;Jakarta;Ya;Tokopedia;3 - 10 kali;Rp 100.000 - Rp 500.000;4;4;4;4;4;4;4;4;3;3;4;4;3;4;4;4;4;4;4;4;3;4
5/27/2024 23:29:58;Laki-Laki;16 - 25 tahun;Mahasiswa/i;Jakarta;Ya;Shopee;3 - 10 kali;Rp 100.000 - Rp 500.000;3;3;4;3;4;3;3;3;4;3;4;4;3;3;4;3;3;4;4;3;4;3
5/27/2024 23:30:28;Perempuan;16 - 25 tahun;Mahasiswa/i;Jakarta;Ya;Tokopedia;> 10 kali;Rp 100.000 - Rp 500.000;3;4;3;4;4;3;4;4;3;3;3;4;3;3;4;4;3;4;4;3;4;3
5/27/2024 23:30:31;Laki-Laki;16 - 25 tahun;Karyawan;Jakarta;Ya;Shopee, Tokopedia;1 - 2 kali;< Rp 100.000;4;4;4;4;4;4;4;4;3;4;3;4;4;4;3;3;4;4;3;3;4;4
5/27/2024 23:30:37;Laki-Laki;16 - 25 tahun;Pelajar siswa/i;Jakarta;Ya;Shopee;1 - 2 kali;Rp 100.000 - Rp 500.000;3;3;4;3;4;3;4;3;4;3;4;4;3;4;3;3;3;4;4;3;4;4
5/27/2024 23:30:40;Laki-Laki;16 - 25 tahun;Mahasiswa/i;Jakarta;Ya;Tokopedia;1 - 2 kali;Rp 100.000 - Rp 500.000;4;4;4;3;4;3;4;3;4;4;4;3;4;4;3;4;4;3;4;4;4;3
5/27/2024 23:30:43;Laki-Laki;16 - 25 tahun;Mahasiswa/i;Jakarta;Ya;Tokopedia;3 - 10 kali;> Rp 500.000;4;4;3;4;3;4;4;4;4;4;3;4;4;3;4;4;4;4;3;4;3;4
5/27/2024 23:31:20;Laki-Laki;16 - 25 tahun;Karyawan;Jakarta;Ya;Shopee, Tokopedia;> 10 kali;> Rp 500.000;4;4;3;4;3;4;4;4;3;3;4;4;3;3;4;4;4;3;4;4;4;4
5/27/2024 23:31:33;Laki-Laki;16 - 25 tahun;Mahasiswa/i;Jakarta;Ya;Tokopedia;3 - 10 kali;Rp 100.000 - Rp 500.000;3;4;4;3;3;3;3;3;3;3;4;3;3;4;4;4;3;3;3;4;4;3
5/27/2024 23:31:35;Laki-Laki;16 - 25 tahun;Mahasiswa/i;Jakarta;Ya;Shopee;3 - 10 kali;< Rp 100.000;3;3;4;4;4;4;4;3;4;4;4;4;4;4;4;3;4;4;3;4;4;4
5/27/2024 23:31:38;Perempuan;16 - 25 tahun;Pelajar siswa/i;Jakarta;Ya;Tokopedia;3 - 10 kali;< Rp 100.000;3;3;4;3;4;3;4;3;3;4;3;4;3;4;3;4;3;4;3;4;4;4
5/27/2024 23:32:32;Laki-Laki;16 - 25 tahun;Mahasiswa/i;Jakarta;Ya;Shopee;1 - 2 kali;Rp 100.000 - Rp 500.000;3;4;4;3;3;3;3;3;4;3;3;3;3;4;4;3;3;4;4;4;4;4
5/27/2024 23:32:37;Laki-Laki;16 - 25 tahun;Karyawan;Jakarta;Ya;Shopee, Tokopedia;1 - 2 kali;< Rp 100.000;4;4;4;3;3;4;3;3;4;4;4;4;4;4;4;4;3;4;4;4;4;4
5/27/2024 23:32:46;Perempuan;16 - 25 tahun;Karyawan;Jakarta;Ya;Shopee, Tokopedia, Lazada;3 - 10 kali;Rp 100.000 - Rp 500.000;4;4;4;4;4;4;4;4;4;4;4;4;4;4;4;4;4;4;4;4;4;4
5/27/2024 23:32:48;Laki-Laki;16 - 25 tahun;Karyawan;Jakarta;Ya;Tokopedia;1 - 2 kali;Rp 100.000 - Rp 500.000;3;4;3;4;3;3;4;3;3;3;3;4;3;3;4;3;4;4;3;3;4;3
5/27/2024 23:32:50;Laki-Laki;16 - 25 tahun;Karyawan;Jakarta;Ya;Shopee, Tokopedia;3 - 10 kali;> Rp 500.000;4;4;3;4;4;4;3;3;4;4;3;3;4;3;4;4;4;3;4;4;3;4
5/27/2024 23:32:57;Perempuan;16 - 25 tahun;Mahasiswa/i;Jakarta;Ya;Shopee, Tokopedia;1 - 2 kali;Rp 100.000 - Rp 500.000;4;3;3;3;3;4;4;3;4;4;3;4;4;4;4;4;4;3;4;4;3;4
5/27/2024 23:33:12;Perempuan;16 - 25 tahun;Mahasiswa/i;Tangerang;Ya;Shopee;3 - 10 kali;> Rp 500.000;3;4;3;3;3;4;4;3;3;4;4;3;3;4;3;4;3;3;4;4;3;4
5/27/2024 23:33:21;Laki-Laki;16 - 25 tahun;Karyawan;Jakarta;Ya;Shopee;3 - 10 kali;Rp 100.000 - Rp 500.000;3;4;4;4;3;4;3;3;3;3;4;4;3;3;3;3;3;3;4;3;3;3
5/27/2024 23:33:42;Laki-Laki;16 - 25 tahun;Karyawan;Jakarta;Ya;Shopee;1 - 2 kali;Rp 100.000 - Rp 500.000;3;4;4;3;4;4;3;3;4;3;4;4;4;4;3;3;3;4;3;3;4;4
5/27/2024 23:34:14;Laki-Laki;16 - 25 tahun;Pelajar siswa/i;Jakarta;Ya;Tokopedia;3 - 10 kali;Rp 100.000 - Rp 500.000;3;4;4;3;3;4;3;4;3;3;4;4;3;4;4;3;3;4;3;3;4;3
5/27/2024 23:34:36;Laki-Laki;16 - 25 tahun;Karyawan;Jakarta;Ya;Shopee;1 - 2 kali;Rp 100.000 - Rp 500.000;4;4;4;4;4;4;4;3;4;4;3;4;3;3;4;3;4;4;3;4;4;4
5/27/2024 23:34:51;Laki-Laki;16 - 25 tahun;Karyawan;Jakarta;Ya;Shopee;3 - 10 kali;> Rp 500.000;3;4;4;4;3;3;4;4;4;3;3;3;4;3;4;4;4;4;3;3;4;4
5/27/2024 23:35:10;Laki-Laki;16 - 25 tahun;Karyawan;Jakarta;Ya;Shopee;3 - 10 kali;Rp 100.000 - Rp 500.000;4;4;4;4;3;3;4;4;4;4;3;4;4;4;3;4;4;4;4;4;4;4
5/27/2024 23:35:11;Laki-Laki;16 - 25 tahun;Karyawan;Jakarta;Ya;Shopee;1 - 2 kali;Rp 100.000 - Rp 500.000;3;4;3;4;3;4;4;3;4;4;4;4;3;4;3;4;4;3;4;4;4;4
5/27/2024 23:35:20;Laki-Laki;16 - 25 tahun;Karyawan;Jakarta;Ya;Tokopedia;3 - 10 kali;> Rp 500.000;3;4;3;4;3;3;3;4;3;4;4;4;3;3;4;4;3;3;4;3;3;3
5/27/2024 23:36:12;Laki-Laki;16 - 25 tahun;Karyawan;Jakarta;Ya;Shopee, Tokopedia;3 - 10 kali;> Rp 500.000;4;4;4;3;3;4;4;3;4;4;3;4;4;3;3;3;4;4;3;4;4;4
5/27/2024 23:36:16;Laki-Laki;16 - 25 tahun;Mahasiswa/i;Tangerang;Ya;Shopee;3 - 10 kali;< Rp 100.000;3;4;4;3;3;4;3;3;3;4;4;3;3;4;4;3;3;3;4;4;3;4
5/27/2024 23:36:23;Laki-Laki;16 - 25 tahun;Mahasiswa/i;Jakarta;Ya;Shopee;3 - 10 kali;Rp 100.000 - Rp 500.000;3;4;3;4;3;3;4;4;3;3;4;3;4;4;3;4;3;4;4;3;4;3
5/27/2024 23:36:25;Perempuan;16 - 25 tahun;Karyawan;Jakarta;Ya;Shopee, Tokopedia, Lazada;3 - 10 kali;> Rp 500.000;4;4;4;4;4;4;4;4;4;4;4;4;4;4;4;4;4;4;4;4;4;4
5/27/2024 23:36:31;Laki-Laki;16 - 25 tahun;Pelajar siswa/i;Jakarta;Ya;Shopee;1 - 2 kali;< Rp 100.000;3;4;3;3;3;3;4;3;3;4;3;3;3;4;4;4;3;4;4;3;4;3
5/27/2024 23:36:56;Laki-Laki;16 - 25 tahun;Mahasiswa/i;Jakarta;Ya;Shopee;3 - 10 kali;< Rp 100.000;4;4;3;4;4;4;4;4;4;4;4;4;4;4;3;4;4;3;4;4;4;4
5/27/2024 23:37:44;Laki-Laki;16 - 25 tahun;Pelajar siswa/i;Jakarta;Ya;Tokopedia;1 - 2 kali;Rp 100.000 - Rp 500.000;3;3;4;3;4;3;3;4;3;3;3;4;3;3;3;4;3;4;4;3;3;4
5/27/2024 23:37:55;Laki-Laki;16 - 25 tahun;Mahasiswa/i;Jakarta;Ya;Tokopedia, ;3 - 10 kali;Rp 100.000 - Rp 500.000;3;3;3;4;4;3;3;4;3;4;3;3;3;4;3;3;4;3;4;3;3;4
5/27/2024 23:38:11;Laki-Laki;16 - 25 tahun;Mahasiswa/i;Jakarta;Ya;Shopee;3 - 10 kali;Rp 100.000 - Rp 500.000;3;4;4;4;3;4;4;4;4;4;4;3;4;4;4;3;4;4;4;3;3;3
5/27/2024 23:38:31;Perempuan;16 - 25 tahun;Wiraswasta;Jakarta;Ya;Shopee;3 - 10 kali;> Rp 500.000;3;3;4;4;4;4;4;4;3;4;4;4;4;4;4;3;4;4;4;4;3;4
5/27/2024 23:38:46;Laki-Laki;16 - 25 tahun;Mahasiswa/i;Jakarta;Ya;Tokopedia;3 - 10 kali;Rp 100.000 - Rp 500.000;3;3;4;3;3;3;3;3;3;3;4;4;4;3;3;3;4;3;4;3;3;4
5/27/2024 23:39:19;Laki-Laki;16 - 25 tahun;Pelajar siswa/i;Jakarta;Ya;Tokopedia;3 - 10 kali;Rp 100.000 - Rp 500.000;3;4;3;2;3;3;3;3;3;4;3;3;4;4;3;3;4;3;3;3;3;4
5/27/2024 23:39:21;Laki-Laki;16 - 25 tahun;Mahasiswa/i;Jakarta;Ya;Tokopedia;3 - 10 kali;Rp 100.000 - Rp 500.000;4;4;3;4;4;4;4;3;4;4;4;3;4;4;4;4;4;4;3;3;4;4
5/27/2024 23:39:42;Perempuan;16 - 25 tahun;Mahasiswa/i;Jakarta;Ya;Shopee;3 - 10 kali;> Rp 500.000;3;4;4;4;4;3;4;4;4;3;3;4;3;4;3;3;4;4;3;4;4;3
5/27/2024 23:39:51;Perempuan;16 - 25 tahun;Mahasiswa/i;Jakarta;Ya;Shopee, Tokopedia;3 - 10 kali;> Rp 500.000;4;3;3;4;4;3;4;3;4;3;3;4;4;4;4;4;4;3;3;4;4;3
5/27/2024 23:40:02;Laki-Laki;16 - 25 tahun;Karyawan;Jakarta;Ya;Tokopedia;3 - 10 kali;Rp 100.000 - Rp 500.000;4;4;4;4;4;4;4;4;3;3;4;3;4;4;4;4;3;4;4;4;4;4
5/27/2024 23:40:02;Laki-Laki;16 - 25 tahun;Pelajar siswa/i;Jakarta;Ya;Tokopedia;1 - 2 kali;< Rp 100.000;3;4;4;4;3;3;4;3;4;3;3;3;4;4;4;4;3;3;3;4;3;4
5/27/2024 23:40:55;Laki-Laki;16 - 25 tahun;Mahasiswa/i;Jakarta;Ya;Shopee;3 - 10 kali;Rp 100.000 - Rp 500.000;3;4;3;4;3;3;3;3;3;3;4;3;3;4;3;4;3;3;4;3;3;4
5/27/2024 23:41:07;Perempuan;16 - 25 tahun;Mahasiswa/i;Jakarta;Ya;Tokopedia;3 - 10 kali;Rp 100.000 - Rp 500.000;3;4;3;4;3;3;4;4;4;3;4;3;4;4;3;4;4;3;3;4;4;3
5/27/2024 23:41:39;Laki-Laki;16 - 25 tahun;Karyawan;Jakarta;Ya;Shopee;1 - 2 kali;Rp 100.000 - Rp 500.000;4;4;3;4;4;3;4;3;4;4;4;3;3;4;4;3;4;3;4;4;3;4
5/28/2024 10:56:14;Perempuan;16 - 25 tahun;Mahasiswa/i;Bogor;Ya;Shopee, Tokopedia;3 - 10 kali;Rp 100.000 - Rp 500.000;3;4;3;3;4;3;4;4;3;4;4;4;4;3;3;3;4;3;4;4;3;4
5/28/2024 10:57:21;Laki-Laki;26 - 36 tahun;Mahasiswa/i;Jakarta;Ya;Tokopedia;1 - 2 kali;Rp 100.000 - Rp 500.000;3;4;3;4;4;3;4;3;4;3;3;4;4;3;4;4;3;4;4;3;4;4
5/28/2024 10:58:17;Laki-Laki;26 - 36 tahun;Karyawan;Jakarta;Ya;Tokopedia;1 - 2 kali;< Rp 100.000;4;4;3;3;4;4;3;4;3;4;4;3;3;4;4;4;3;4;4;3;4;4
5/28/2024 10:59:15;Laki-Laki;26 - 36 tahun;Mahasiswa/i;Jakarta;Ya;Tokopedia;1 - 2 kali;Rp 100.000 - Rp 500.000;4;3;4;3;3;4;3;3;4;3;4;3;3;3;4;3;3;4;4;4;3;4
5/28/2024 11:00:33;Perempuan;16 - 25 tahun;Karyawan;Bekasi;Ya;Tokopedia;1 - 2 kali;Rp 100.000 - Rp 500.000;3;4;3;4;3;4;3;4;3;4;4;4;4;3;4;3;4;3;4;3;4;4
5/28/2024 12:55:19;Laki-Laki;26 - 36 tahun;Karyawan;Bogor;Ya;Tokopedia;1 - 2 kali;Rp 100.000 - Rp 500.000;4;4;3;4;3;3;4;4;3;3;3;4;4;3;3;4;4;3;4;3;4;3
5/28/2024 12:56:02;Laki-Laki;16 - 25 tahun;Mahasiswa/i;Bogor;Ya;Tokopedia;1 - 2 kali;< Rp 100.000;4;3;3;4;4;4;3;3;3;4;3;3;4;3;4;3;4;4;3;4;3;3
5/28/2024 12:56:46;Laki-Laki;26 - 36 tahun;Karyawan;Bekasi;Ya;Tokopedia;1 - 2 kali;Rp 100.000 - Rp 500.000;4;3;3;3;4;3;4;3;4;4;3;3;3;2;4;3;4;3;3;4;3;4
5/28/2024 12:57:33;Perempuan;10-15 tahun;Pelajar siswa/i;Jakarta;Ya;Shopee, Tokopedia;1 - 2 kali;< Rp 100.000;4;4;3;3;4;3;4;3;3;4;4;3;3;4;4;3;3;3;3;4;4;3
5/28/2024 12:58:20;Laki-Laki;26 - 36 tahun;Mahasiswa/i;Jakarta;Ya;Shopee;1 - 2 kali;Rp 100.000 - Rp 500.000;2;1;1;2;1;1;2;1;2;1;1;2;1;2;2;1;1;2;2;1;1;2
5/28/2024 12:59:04;Perempuan;16 - 25 tahun;Mahasiswa/i;Bogor;Ya;Shopee;3 - 10 kali;Rp 100.000 - Rp 500.000;3;4;3;4;4;3;3;4;3;3;4;4;3;4;3;4;3;4;3;4;3;4
5/28/2024 12:59:46;Perempuan;26 - 36 tahun;Karyawan;Bogor;Ya;Tokopedia;3 - 10 kali;Rp 100.000 - Rp 500.000;3;4;4;4;3;3;4;3;4;3;3;4;3;4;3;4;3;4;3;3;4;4
5/28/2024 13:00:28;Perempuan;> 36 tahun;Karyawan;Jakarta;Ya;Shopee;3 - 10 kali;Rp 100.000 - Rp 500.000;3;3;4;3;3;4;4;3;4;3;3;4;3;4;3;3;4;4;3;3;3;4
5/28/2024 13:01:13;Perempuan;26 - 36 tahun;Mahasiswa/i;Tangerang;Ya;Shopee;3 - 10 kali;< Rp 100.000;3;4;4;3;3;3;4;3;3;4;4;3;3;3;4;4;3;3;3;4;4;3
5/28/2024 13:02:06;Perempuan;26 - 36 tahun;Karyawan;Tangerang;Ya;Tokopedia;1 - 2 kali;Rp 100.000 - Rp 500.000;3;3;3;3;4;4;3;3;4;4;3;3;3;4;4;3;4;3;3;3;4;4
5/28/2024 14:36:02;Perempuan;16 - 25 tahun;Karyawan;Jakarta;Ya;Shopee;1 - 2 kali;Rp 100.000 - Rp 500.000;3;4;4;3;4;4;4;3;3;3;4;3;4;4;3;4;4;3;3;4;4;3
5/28/2024 14:37:25;Laki-Laki;26 - 36 tahun;Mahasiswa/i;Jakarta;Ya;Tokopedia;3 - 10 kali;Rp 100.000 - Rp 500.000;4;3;3;3;4;3;4;3;3;3;4;3;2;4;3;4;4;3;4;4;3;4
5/28/2024 14:38:30;Laki-Laki;16 - 25 tahun;Karyawan;Bogor;Ya;Shopee;3 - 10 kali;Rp 100.000 - Rp 500.000;4;3;4;3;4;3;4;3;3;4;4;4;3;4;4;4;4;3;3;4;3;4
5/28/2024 14:39:24;Perempuan;16 - 25 tahun;Mahasiswa/i;Depok;Ya;Shopee;3 - 10 kali;Rp 100.000 - Rp 500.000;3;3;4;4;3;3;4;4;3;4;3;3;3;4;3;3;3;4;4;3;3;4
5/28/2024 14:40:18;Perempuan;26 - 36 tahun;Karyawan;Tangerang;Ya;Tokopedia;3 - 10 kali;Rp 100.000 - Rp 500.000;3;4;3;4;3;3;3;4;3;3;3;4;3;4;4;2;4;3;4;4;3;4
5/28/2024 14:42:45;Laki-Laki;26 - 36 tahun;Karyawan;Depok;Ya;Tokopedia;3 - 10 kali;Rp 100.000 - Rp 500.000;3;4;3;3;4;3;4;3;4;4;3;3;4;4;3;4;3;4;4;3;3;4
5/28/2024 14:43:29;Laki-Laki;16 - 25 tahun;Karyawan;Bogor;Ya;Shopee;3 - 10 kali;Rp 100.000 - Rp 500.000;1;2;2;2;1;2;2;1;1;2;2;1;1;1;2;1;2;1;2;1;1;2
5/28/2024 14:44:16;Laki-Laki;26 - 36 tahun;Wiraswasta;Tangerang;Ya;Tokopedia;1 - 2 kali;Rp 100.000 - Rp 500.000;3;4;4;3;3;4;4;3;3;4;3;4;3;4;3;4;3;3;4;3;4;3
5/28/2024 14:45:00;Perempuan;16 - 25 tahun;Mahasiswa/i;Depok;Ya;Tokopedia;3 - 10 kali;Rp 100.000 - Rp 500.000;3;4;3;3;4;3;4;3;4;3;4;4;3;4;4;3;3;3;4;3;4;4
5/28/2024 14:45:50;Laki-Laki;16 - 25 tahun;Mahasiswa/i;Bogor;Ya;Shopee;1 - 2 kali;< Rp 100.000;3;4;3;3;3;4;3;4;3;4;3;4;3;4;3;4;3;4;3;3;3;3
5/28/2024 14:46:37;Laki-Laki;16 - 25 tahun;Mahasiswa/i;Bekasi;Ya;Shopee, Tokopedia;1 - 2 kali;Rp 100.000 - Rp 500.000;3;4;3;3;4;3;3;3;3;3;4;4;4;3;3;3;3;4;3;3;4;4
5/28/2024 14:47:22;Laki-Laki;26 - 36 tahun;Wiraswasta;Bogor;Ya;Shopee;3 - 10 kali;Rp 100.000 - Rp 500.000;3;3;3;3;4;3;3;3;4;4;3;3;4;3;3;4;4;4;3;3;4;4
5/28/2024 14:48:11;Perempuan;26 - 36 tahun;Karyawan;Bogor;Ya;Shopee;3 - 10 kali;< Rp 100.000;4;3;3;3;4;3;3;3;3;4;3;3;3;4;3;3;3;3;4;3;4;3
5/28/2024 14:48:59;Laki-Laki;16 - 25 tahun;Karyawan;Bekasi;Ya;Shopee;1 - 2 kali;Rp 100.000 - Rp 500.000;4;4;3;3;4;3;3;3;4;3;4;4;3;4;4;3;3;4;3;4;3;4
5/28/2024 14:49:46;Perempuan;26 - 36 tahun;Karyawan;Depok;Ya;Shopee;1 - 2 kali;< Rp 100.000;2;1;1;1;2;1;2;1;2;1;1;2;1;1;1;2;1;1;1;2;1;2
5/28/2024 14:50:32;Perempuan;16 - 25 tahun;Mahasiswa/i;Jakarta;Ya;Tokopedia;3 - 10 kali;Rp 100.000 - Rp 500.000;3;4;4;3;4;3;4;3;4;4;3;4;4;3;3;3;3;3;4;4;3;4
5/28/2024 14:51:20;Perempuan;26 - 36 tahun;Wiraswasta;Tangerang;Ya;Shopee, Tokopedia;1 - 2 kali;Rp 100.000 - Rp 500.000;3;3;4;3;4;4;3;3;4;3;3;4;3;3;4;4;3;4;3;4;4;3
5/28/2024 14:52:04;Perempuan;16 - 25 tahun;Karyawan;Bogor;Ya;Shopee;3 - 10 kali;Rp 100.000 - Rp 500.000;3;3;4;3;4;4;3;3;4;3;4;4;3;4;4;3;4;4;3;3;4;4
5/28/2024 14:52:49;Laki-Laki;26 - 36 tahun;Karyawan;Bekasi;Ya;Shopee;1 - 2 kali;Rp 100.000 - Rp 500.000;3;3;4;3;4;3;3;4;3;3;4;4;3;4;4;3;4;4;3;4;3;4
5/28/2024 14:53:36;Perempuan;16 - 25 tahun;Mahasiswa/i;Bogor;Ya;Shopee;1 - 2 kali;< Rp 100.000;3;4;4;4;3;4;3;3;4;4;3;3;4;3;4;3;4;3;3;4;3;3
5/28/2024 14:54:38;Perempuan;16 - 25 tahun;Mahasiswa/i;Depok;Ya;Tokopedia;3 - 10 kali;Rp 100.000 - Rp 500.000;3;4;3;4;3;4;3;3;3;3;4;4;3;3;4;4;4;3;3;4;3;4
5/28/2024 14:55:22;Laki-Laki;16 - 25 tahun;Karyawan;Depok;Ya;Shopee;3 - 10 kali;Rp 100.000 - Rp 500.000;3;4;3;4;4;3;4;4;3;3;3;4;3;3;4;4;3;4;3;4;3;3
5/28/2024 14:56:06;Laki-Laki;26 - 36 tahun;Wiraswasta;Depok;Ya;Shopee, Tokopedia;1 - 2 kali;Rp 100.000 - Rp 500.000;3;4;3;3;4;4;3;3;4;3;3;4;3;3;3;4;3;4;4;3;3;4
5/28/2024 14:56:52;Laki-Laki;16 - 25 tahun;Mahasiswa/i;Bogor;Ya;Shopee;1 - 2 kali;Rp 100.000 - Rp 500.000;4;3;4;3;3;4;3;3;3;4;3;3;4;3;3;3;4;4;3;3;4;4
5/28/2024 14:57:36;Laki-Laki;16 - 25 tahun;Mahasiswa/i;Depok;Ya;Shopee;1 - 2 kali;Rp 100.000 - Rp 500.000;2;1;2;1;2;1;2;1;2;1;2;1;2;1;1;2;1;2;2;2;1;2
5/28/2024 14:58:21;Perempuan;26 - 36 tahun;Karyawan;Bekasi;Ya;Shopee;3 - 10 kali;Rp 100.000 - Rp 500.000;3;3;4;3;4;3;4;3;3;4;3;4;3;3;4;3;3;4;3;4;3;4
5/28/2024 14:59:10;Laki-Laki;16 - 25 tahun;Karyawan;Bekasi;Ya;Tokopedia;3 - 10 kali;Rp 100.000 - Rp 500.000;3;3;4;3;4;4;3;3;4;3;4;4;3;3;4;3;3;4;3;4;3;4
5/28/2024 14:59:59;Laki-Laki;16 - 25 tahun;Mahasiswa/i;Tangerang;Ya;Shopee, Tokopedia;3 - 10 kali;Rp 100.000 - Rp 500.000;3;3;4;3;3;4;3;4;3;3;3;4;3;4;4;4;3;4;4;3;3;4
5/28/2024 15:00:46;Laki-Laki;26 - 36 tahun;Karyawan;Depok;Ya;Shopee;3 - 10 kali;Rp 100.000 - Rp 500.000;3;3;3;3;4;4;3;4;3;4;3;4;4;3;4;3;4;4;3;4;3;4
5/28/2024 15:01:30;Laki-Laki;26 - 36 tahun;Karyawan;Depok;Ya;Shopee;1 - 2 kali;Rp 100.000 - Rp 500.000;4;4;3;3;4;4;3;4;4;3;3;3;4;4;3;3;4;3;4;3;4;4
5/28/2024 15:02:20;Laki-Laki;> 36 tahun;Wiraswasta;Tangerang;Ya;Shopee;3 - 10 kali;Rp 100.000 - Rp 500.000;3;4;4;3;3;3;4;3;3;4;4;3;4;3;4;3;3;4;3;4;3;4
5/28/2024 15:03:10;Laki-Laki;26 - 36 tahun;Karyawan;Jakarta;Ya;Tokopedia;3 - 10 kali;Rp 100.000 - Rp 500.000;4;3;3;4;3;3;4;3;4;3;3;4;3;4;3;3;3;4;3;3;4;3
5/28/2024 15:03:59;Laki-Laki;26 - 36 tahun;Karyawan;Tangerang;Ya;Shopee;3 - 10 kali;Rp 100.000 - Rp 500.000;3;4;3;3;4;4;3;4;3;3;4;4;3;4;4;4;4;3;3;3;3;4
5/28/2024 15:05:03;Perempuan;16 - 25 tahun;Mahasiswa/i;Jakarta;Ya;Shopee;3 - 10 kali;< Rp 100.000;4;3;4;3;3;4;4;4;3;3;3;4;3;4;3;4;3;4;3;4;3;4
5/28/2024 15:06:01;Laki-Laki;16 - 25 tahun;Mahasiswa/i;Jakarta;Ya;Shopee;1 - 2 kali;< Rp 100.000;1;1;2;2;1;1;2;1;2;1;2;1;2;1;2;1;2;1;2;1;2;1
5/29/2024 11:21:13;Laki-Laki;16 - 25 tahun;Mahasiswa/i;Jakarta;Ya;Shopee, Tokopedia;1 - 2 kali;Rp 100.000 - Rp 500.000;3;4;3;4;4;3;4;4;3;2;3;3;3;3;4;2;3;4;3;3;4;4
5/30/2024 17:30:13;Laki-Laki;16 - 25 tahun;Mahasiswa/i;Tangerang;Ya;Shopee, Tokopedia;3 - 10 kali;Rp 100.000 - Rp 500.000;3;2;2;2;2;2;2;2;2;2;2;2;3;2;2;3;3;3;3;2;3;3
5/30/2024 18:40:32;Laki-Laki;16 - 25 tahun;Mahasiswa/i;Jakarta;Ya;Tokopedia;1 - 2 kali;Rp 100.000 - Rp 500.000;3;3;3;3;3;4;3;4;4;3;3;3;2;3;3;3;3;4;2;3;4;4
5/30/2024 18:47:31;Laki-Laki;10-15 tahun;Mahasiswa/i;Tangerang;Ya;Shopee;1 - 2 kali;< Rp 100.000;2;4;4;4;4;4;4;4;4;3;3;3;2;3;3;3;3;2;2;3;3;4
5/31/2024 17:24:55;Laki-Laki;16 - 25 tahun;Mahasiswa/i;Jakarta;Ya;Tokopedia, ZALORA UNIQLO;1 - 2 kali;> Rp 500.000;4;3;3;3;4;3;4;4;3;3;4;4;3;3;3;3;3;4;2;3;2;3
5/31/2024 20:05:44;Perempuan;16 - 25 tahun;Mahasiswa/i;Jakarta;Ya;Shopee, Tokopedia;3 - 10 kali;Rp 100.000 - Rp 500.000;4;3;4;3;4;4;4;4;3;4;2;4;4;2;2;3;4;4;3;2;4;2
5/31/2024 20:05:55;Perempuan;16 - 25 tahun;Wiraswasta;Jakarta;Ya;Shopee, Tokopedia;3 - 10 kali;Rp 100.000 - Rp 500.000;4;4;4;4;4;4;4;4;4;4;4;4;4;4;4;4;4;4;4;4;4;3
5/31/2024 20:06:01;Laki-Laki;16 - 25 tahun;Pelajar siswa/i;Jakarta;Ya;Shopee;1 - 2 kali;< Rp 100.000;3;4;3;4;4;3;4;3;4;3;3;2;4;3;4;3;4;3;4;3;3;4
5/31/2024 20:06:18;Perempuan;16 - 25 tahun;Mahasiswa/i;Jakarta;Ya;Shopee, Tokopedia;3 - 10 kali;Rp 100.000 - Rp 500.000;3;4;3;4;3;4;3;3;4;3;4;4;4;3;3;2;3;4;3;3;4;3
5/31/2024 20:06:30;Laki-Laki;16 - 25 tahun;Mahasiswa/i;Jakarta;Ya;Shopee, Tokopedia;> 10 kali;Rp 100.000 - Rp 500.000;4;4;3;4;4;4;3;4;4;3;2;4;4;3;4;3;4;2;3;4;4;3
5/31/2024 20:07:26;Perempuan;16 - 25 tahun;Mahasiswa/i;Jakarta;Ya;Shopee, Tokopedia, Tiktok shop;3 - 10 kali;Rp 100.000 - Rp 500.000;3;3;3;3;3;3;3;3;3;3;3;3;3;3;3;3;3;3;3;3;3;3
5/31/2024 20:07:35;Laki-Laki;16 - 25 tahun;Karyawan;Jakarta;Ya;Shopee, Tokopedia;1 - 2 kali;Rp 100.000 - Rp 500.000;3;4;4;4;3;4;4;3;4;3;3;4;3;4;4;3;4;4;4;4;3;4
5/31/2024 20:08:03;Perempuan;16 - 25 tahun;Karyawan;Jakarta;Ya;Shopee;1 - 2 kali;Rp 100.000 - Rp 500.000;4;4;3;3;4;4;4;3;3;3;3;3;4;4;3;4;4;4;4;3;4;4
5/31/2024 20:08:35;Perempuan;16 - 25 tahun;Pelajar siswa/i;Jakarta;Ya;Shopee;3 - 10 kali;< Rp 100.000;4;3;3;4;3;4;3;4;3;2;4;3;4;3;3;4;3;4;3;4;3;3
5/31/2024 20:09:05;Perempuan;16 - 25 tahun;Karyawan;Tangerang;Ya;Shopee;3 - 10 kali;Rp 100.000 - Rp 500.000;4;3;3;4;2;4;3;3;3;3;4;2;4;4;3;4;3;3;3;4;4;3
5/31/2024 20:09:19;Perempuan;16 - 25 tahun;Ibu rumah tangga;Jakarta;Ya;Shopee, Tokopedia;3 - 10 kali;Rp 100.000 - Rp 500.000;4;4;4;4;4;4;4;4;3;3;3;4;3;3;4;4;4;4;4;4;4;4
5/31/2024 20:09:24;Laki-Laki;16 - 25 tahun;Mahasiswa/i;Jakarta;Ya;Shopee, Tokopedia;3 - 10 kali;Rp 100.000 - Rp 500.000;4;3;2;3;3;4;4;4;3;4;3;3;4;3;4;4;3;3;3;3;3;4
5/31/2024 20:09:42;Perempuan;16 - 25 tahun;Mahasiswa/i;Jakarta;Ya;Shopee, Tokopedia, Tiktok Shop;3 - 10 kali;Rp 100.000 - Rp 500.000;3;4;4;4;3;3;4;4;3;3;4;3;3;3;3;3;3;4;4;4;3;3
5/31/2024 20:10:46;Perempuan;26 - 36 tahun;Karyawan;Jakarta;Ya;Shopee, Tokopedia, Lazada;> 10 kali;> Rp 500.000;3;4;4;4;4;4;3;4;4;4;2;4;3;4;4;3;4;4;3;3;4;4
5/31/2024 20:11:48;Laki-Laki;16 - 25 tahun;Mahasiswa/i;Jakarta;Ya;Shopee;> 10 kali;> Rp 500.000;4;4;4;3;4;3;3;4;3;4;3;4;4;3;4;4;4;3;3;3;4;4
5/31/2024 20:11:52;Perempuan;16 - 25 tahun;Karyawan;Jakarta;Ya;Tokopedia;3 - 10 kali;Rp 100.000 - Rp 500.000;3;2;4;4;3;2;3;2;4;3;2;4;3;3;3;4;3;4;3;4;4;3
5/31/2024 20:11:52;Perempuan;16 - 25 tahun;Mahasiswa/i;Jakarta;Ya;Shopee, Tokopedia, Tiktok Shop;3 - 10 kali;Rp 100.000 - Rp 500.000;3;3;4;4;3;3;4;4;3;3;3;3;3;3;3;3;3;3;3;3;3;3
5/31/2024 20:11:56;Perempuan;16 - 25 tahun;Mahasiswa/i;Jakarta;Ya;Shopee;1 - 2 kali;< Rp 100.000;4;3;4;4;3;4;4;4;4;4;3;4;4;4;3;4;4;4;4;3;3;4
5/31/2024 20:12:04;Perempuan;16 - 25 tahun;Karyawan;Jakarta;Ya;Shopee, Tokopedia;3 - 10 kali;Rp 100.000 - Rp 500.000;3;4;4;3;4;3;4;3;4;3;3;4;3;4;4;3;3;3;4;3;4;3
5/31/2024 20:12:36;Perempuan;16 - 25 tahun;Mahasiswa/i;Tangerang;Ya;Shopee;1 - 2 kali;Rp 100.000 - Rp 500.000;3;3;3;3;4;4;4;4;4;4;4;4;4;3;3;3;4;4;3;4;4;3
5/31/2024 20:12:44;Laki-Laki;16 - 25 tahun;Mahasiswa/i;Bekasi;Ya;Tokopedia;3 - 10 kali;Rp 100.000 - Rp 500.000;3;3;4;4;3;4;3;4;2;3;4;4;4;3;4;3;3;4;4;4;4;3
5/31/2024 20:13:24;Laki-Laki;16 - 25 tahun;Pelajar siswa/i;Bogor;Ya;Shopee;3 - 10 kali;< Rp 100.000;3;4;3;3;4;3;4;3;4;2;3;4;3;4;3;3;4;3;4;4;3;4
5/31/2024 20:13:36;Perempuan;16 - 25 tahun;Mahasiswa/i;Jakarta;Ya;Tokopedia;3 - 10 kali;< Rp 100.000;4;4;3;3;4;3;4;3;4;3;3;4;3;4;4;3;3;4;3;4;4;4
5/31/2024 20:13:37;Perempuan;16 - 25 tahun;Mahasiswa/i;Jakarta;Ya;Shopee, Tokopedia;> 10 kali;Rp 100.000 - Rp 500.000;4;4;4;4;4;4;4;4;4;4;4;4;4;4;4;4;4;4;4;4;4;4
5/31/2024 20:13:44;Perempuan;16 - 25 tahun;Mahasiswa/i;Tangerang;Ya;Shopee, Tokopedia;> 10 kali;Rp 100.000 - Rp 500.000;4;4;4;4;4;4;4;4;4;4;4;4;4;4;4;4;4;4;4;4;4;4
5/31/2024 20:14:49;Perempuan;16 - 25 tahun;Mahasiswa/i;Jakarta;Ya;Tokopedia;> 10 kali;> Rp 500.000;3;4;4;3;3;4;3;4;3;3;3;4;3;3;4;3;3;4;3;4;3;4
5/31/2024 20:14:50;Laki-Laki;16 - 25 tahun;Karyawan;Jakarta;Ya;Tokopedia;1 - 2 kali;> Rp 500.000;4;3;3;4;3;3;4;4;3;3;4;4;4;3;3;4;3;4;4;4;3;3
5/31/2024 20:14:57;Perempuan;16 - 25 tahun;Pelajar siswa/i;Jakarta;Ya;Shopee;1 - 2 kali;< Rp 100.000;3;4;3;3;3;4;2;2;2;4;3;3;3;4;3;3;4;4;3;3;4;4
5/31/2024 20:15:17;Perempuan;16 - 25 tahun;Wiraswasta;Bogor;Ya;Shopee, Tokopedia;1 - 2 kali;Rp 100.000 - Rp 500.000;3;3;2;3;3;3;3;3;3;3;3;3;3;3;3;2;2;3;3;3;3;3
5/31/2024 20:15:20;Laki-Laki;16 - 25 tahun;Karyawan;Jakarta;Ya;Shopee, Tokopedia;> 10 kali;> Rp 500.000;4;3;2;3;4;4;4;3;4;2;2;4;4;4;3;4;3;4;4;4;3;4
5/31/2024 20:15:29;Laki-Laki;26 - 36 tahun;Mahasiswa/i;Jakarta;Ya;Shopee;3 - 10 kali;Rp 100.000 - Rp 500.000;4;2;4;4;4;2;4;4;4;4;2;4;4;4;4;4;4;4;2;4;4;4
5/31/2024 20:15:44;Perempuan;16 - 25 tahun;Mahasiswa/i;Jakarta;Ya;Shopee;3 - 10 kali;Rp 100.000 - Rp 500.000;4;3;4;2;4;2;4;3;4;4;3;2;3;4;4;4;2;4;3;4;4;4
5/31/2024 20:16:20;Laki-Laki;16 - 25 tahun;Mahasiswa/i;Jakarta;Ya;Tokopedia;3 - 10 kali;Rp 100.000 - Rp 500.000;4;4;3;3;4;3;4;3;3;2;4;4;4;4;4;3;3;4;4;4;4;4
5/31/2024 20:16:46;Laki-Laki;16 - 25 tahun;Karyawan;Jakarta;Ya;Shopee, Tokopedia;1 - 2 kali;Rp 100.000 - Rp 500.000;4;3;4;4;3;3;4;4;4;3;3;4;4;3;4;3;3;4;3;3;4;4
5/31/2024 20:16:48;Perempuan;16 - 25 tahun;Mahasiswa/i;Jakarta;Ya;Shopee, Tokopedia;1 - 2 kali;Rp 100.000 - Rp 500.000;4;3;4;4;3;4;4;4;4;4;4;4;4;4;4;4;4;3;3;4;4;4
5/31/2024 20:16:48;Perempuan;16 - 25 tahun;Pelajar siswa/i;Jakarta;Ya;Shopee;1 - 2 kali;< Rp 100.000;3;4;2;3;4;3;4;4;4;2;3;4;4;2;4;4;3;4;4;3;4;4
5/31/2024 20:17:01;Perempuan;16 - 25 tahun;Wiraswasta;Jakarta;Ya;Shopee, Tokopedia;> 10 kali;> Rp 500.000;4;3;3;4;3;4;4;3;3;4;3;3;4;3;4;4;4;3;4;3;3;4
5/31/2024 20:17:14;Perempuan;16 - 25 tahun;Pelajar siswa/i;Jakarta;Ya;Shopee;3 - 10 kali;Rp 100.000 - Rp 500.000;3;4;4;4;3;4;3;3;4;3;2;3;4;4;3;4;3;3;4;4;4;3
5/31/2024 20:17:17;Laki-Laki;16 - 25 tahun;Mahasiswa/i;Jakarta;Ya;Shopee, Tokopedia;3 - 10 kali;Rp 100.000 - Rp 500.000;4;4;4;4;4;4;4;4;4;4;3;3;4;3;3;4;4;4;4;3;4;4
5/31/2024 20:17:26;Perempuan;16 - 25 tahun;Pelajar siswa/i;Jakarta;Ya;Tokopedia;3 - 10 kali;< Rp 100.000;3;4;4;3;3;1;3;4;4;3;2;3;4;4;3;3;3;4;4;3;4;3
5/31/2024 20:17:44;Laki-Laki;26 - 36 tahun;Karyawan;Tangerang;Ya;Tokopedia;> 10 kali;> Rp 500.000;4;4;3;4;4;3;4;4;4;3;4;3;4;3;3;4;4;4;4;4;4;4
5/31/2024 20:18:04;Laki-Laki;16 - 25 tahun;Karyawan;Jakarta;Ya;Shopee, Tokopedia;3 - 10 kali;Rp 100.000 - Rp 500.000;4;4;3;4;4;4;3;4;4;4;4;4;4;3;4;4;4;3;4;4;4;4
5/31/2024 20:18:37;Laki-Laki;16 - 25 tahun;Mahasiswa/i;Jakarta;Ya;Tokopedia;1 - 2 kali;Rp 100.000 - Rp 500.000;4;3;3;4;4;3;3;3;4;3;3;4;4;3;4;3;3;3;4;4;3;3
5/31/2024 20:18:54;Perempuan;16 - 25 tahun;Mahasiswa/i;Jakarta;Ya;Tokopedia;3 - 10 kali;Rp 100.000 - Rp 500.000;4;4;4;4;4;4;4;3;4;3;4;3;4;4;4;4;4;4;3;4;4;4
5/31/2024 20:19:01;Perempuan;16 - 25 tahun;Mahasiswa/i;Jakarta;Ya;Tokopedia;3 - 10 kali;Rp 100.000 - Rp 500.000;3;4;3;4;3;4;3;4;4;2;3;4;4;4;3;3;3;3;4;4;3;4
5/31/2024 20:19:10;Perempuan;16 - 25 tahun;Wiraswasta;Jakarta;Ya;Tokopedia;3 - 10 kali;Rp 100.000 - Rp 500.000;3;4;3;3;4;3;4;3;3;3;4;3;3;4;4;3;3;4;3;3;4;3
5/31/2024 20:19:17;Perempuan;16 - 25 tahun;Karyawan;Jakarta;Ya;Shopee, Tokopedia;3 - 10 kali;Rp 100.000 - Rp 500.000;4;4;4;4;4;4;4;4;4;4;4;4;4;3;2;3;4;4;4;4;4;4
5/31/2024 20:19:24;Perempuan;16 - 25 tahun;Mahasiswa/i;Jakarta;Ya;Lazada, Shopee, TikTok ;3 - 10 kali;Rp 100.000 - Rp 500.000;4;3;4;2;4;4;4;4;3;3;4;4;2;4;4;4;4;4;3;4;4;3
5/31/2024 20:19:51;Perempuan;26 - 36 tahun;Karyawan;Jakarta;Ya;Tokopedia;> 10 kali;> Rp 500.000;4;2;4;2;4;4;4;4;4;3;4;4;4;4;4;4;4;3;4;4;4;3
5/31/2024 20:19:46;Laki-Laki;16 - 25 tahun;Karyawan;Jakarta;Ya;Shopee;3 - 10 kali;Rp 100.000 - Rp 500.000;4;4;4;4;3;4;4;3;4;4;3;4;4;4;3;4;4;3;4;4;4;3
5/31/2024 20:19:50;Perempuan;16 - 25 tahun;Pelajar siswa/i;Jakarta;Ya;Tokopedia;3 - 10 kali;< Rp 100.000;4;4;3;3;4;3;4;4;4;3;3;4;4;3;2;4;4;3;4;4;3;3
5/31/2024 20:19:51;Laki-Laki;16 - 25 tahun;Mahasiswa/i;Jakarta;Ya;Tokopedia;1 - 2 kali;Rp 100.000 - Rp 500.000;3;3;4;4;4;3;4;4;3;4;3;3;3;4;4;4;3;3;4;4;4;3
5/31/2024 20:20:10;Laki-Laki;16 - 25 tahun;Pelajar siswa/i;Jakarta;Ya;Shopee, Tokopedia;3 - 10 kali;Rp 100.000 - Rp 500.000;4;4;3;3;4;4;4;3;3;4;3;4;4;3;3;4;3;4;4;3;3;4
5/31/2024 20:20:34;Laki-Laki;16 - 25 tahun;Mahasiswa/i;Jakarta;Ya;Tokopedia;1 - 2 kali;< Rp 100.000;4;4;4;3;4;4;3;4;4;3;3;4;4;4;4;3;4;4;3;4;4;4
5/31/2024 20:21:01;Perempuan;16 - 25 tahun;Pelajar siswa/i;Jakarta;Ya;Tokopedia;3 - 10 kali;< Rp 100.000;3;4;3;4;4;3;4;3;4;4;3;3;3;3;4;3;3;3;4;3;4;4
5/31/2024 20:21:29;Laki-Laki;16 - 25 tahun;Karyawan;Jakarta;Ya;Tokopedia;3 - 10 kali;Rp 100.000 - Rp 500.000;4;4;4;3;3;4;4;4;4;4;4;3;4;4;4;3;4;4;4;4;4;4
5/31/2024 20:21:37;Laki-Laki;16 - 25 tahun;Karyawan;Jakarta;Ya;Shopee, Tokopedia;3 - 10 kali;Rp 100.000 - Rp 500.000;3;3;4;4;4;3;3;4;3;4;4;3;3;4;3;4;4;4;3;3;3;4
5/31/2024 20:21:38;Laki-Laki;16 - 25 tahun;Karyawan;Bekasi;Ya;Shopee, Tokopedia;3 - 10 kali;Rp 100.000 - Rp 500.000;3;4;3;3;4;4;3;3;3;4;4;3;3;3;4;3;4;3;4;3;3;4
5/31/2024 20:22:03;Laki-Laki;26 - 36 tahun;Karyawan;Bekasi;Ya;Shopee;> 10 kali;> Rp 500.000;4;3;4;4;3;4;3;3;4;4;3;3;3;2;4;4;3;4;3;3;4;4
5/31/2024 20:22:17;Perempuan;16 - 25 tahun;Pelajar siswa/i;Jakarta;Ya;Tokopedia;1 - 2 kali;Rp 100.000 - Rp 500.000;4;4;4;3;4;4;3;4;4;4;4;4;4;3;4;3;4;3;4;3;4;3
5/31/2024 20:22:19;Laki-Laki;26 - 36 tahun;Pelajar siswa/i;Jakarta;Ya;Shopee;> 10 kali;> Rp 500.000;4;2;4;4;4;4;4;4;4;4;4;3;4;2;4;4;4;4;3;2;4;4
5/31/2024 20:22:31;Perempuan;16 - 25 tahun;Mahasiswa/i;Jakarta;Ya;Tokopedia;1 - 2 kali;< Rp 100.000;3;3;4;3;3;3;4;4;3;3;3;4;3;4;3;3;3;4;4;3;3;4
5/31/2024 20:23:05;Laki-Laki;16 - 25 tahun;Karyawan;Jakarta;Ya;Tokopedia;3 - 10 kali;Rp 100.000 - Rp 500.000;4;4;4;3;4;4;3;4;4;3;4;4;4;4;4;4;4;3;4;3;4;4
5/31/2024 20:23:27;Perempuan;16 - 25 tahun;Ibu rumah tangga;Jakarta;Ya;Shopee;3 - 10 kali;Rp 100.000 - Rp 500.000;4;4;3;4;3;4;4;3;3;4;4;4;3;3;4;4;3;4;4;3;3;3
5/31/2024 20:23:43;Perempuan;16 - 25 tahun;Pelajar siswa/i;Jakarta;Ya;Tokopedia;3 - 10 kali;Rp 100.000 - Rp 500.000;3;4;4;3;3;3;4;3;3;4;3;3;3;3;3;3;2;3;3;3;2;4
5/31/2024 20:23:46;Laki-Laki;16 - 25 tahun;Wiraswasta;Jakarta;Ya;Shopee;1 - 2 kali;Rp 100.000 - Rp 500.000;3;4;3;4;3;3;4;4;3;4;4;3;4;4;4;3;3;4;3;4;3;3
5/31/2024 20:23:53;Laki-Laki;16 - 25 tahun;Mahasiswa/i;Jakarta;Ya;Tokopedia;> 10 kali;Rp 100.000 - Rp 500.000;4;4;4;4;3;4;3;3;4;3;4;3;4;3;4;4;4;3;3;4;4;4
5/31/2024 20:23:54;Perempuan;26 - 36 tahun;Mahasiswa/i;Jakarta;Ya;Shopee;> 10 kali;> Rp 500.000;4;3;4;2;4;4;4;3;4;2;4;4;2;4;2;4;4;3;2;2;4;3
5/31/2024 20:24:02;Perempuan;16 - 25 tahun;Karyawan;Jakarta;Ya;Tokopedia;3 - 10 kali;Rp 100.000 - Rp 500.000;4;3;4;4;2;4;2;4;4;2;4;4;2;2;4;3;4;2;4;3;4;4
5/31/2024 20:24:08;Laki-Laki;16 - 25 tahun;Wiraswasta;Jakarta;Ya;Shopee;3 - 10 kali;Rp 100.000 - Rp 500.000;3;4;4;3;3;3;4;3;3;4;4;3;3;4;3;3;4;3;3;3;4;3
5/31/2024 20:24:32;Perempuan;16 - 25 tahun;Karyawan;Jakarta;Ya;Shopee;3 - 10 kali;Rp 100.000 - Rp 500.000;3;4;3;3;4;4;3;2;3;3;3;4;4;3;4;3;3;4;4;3;4;4
5/31/2024 20:24:50;Perempuan;16 - 25 tahun;Mahasiswa/i;Jakarta;Ya;Tokopedia;1 - 2 kali;Rp 100.000 - Rp 500.000;3;4;3;4;2;3;3;4;2;3;3;4;4;3;2;3;3;4;4;4;3;4
5/31/2024 20:24:51;Perempuan;16 - 25 tahun;Mahasiswa/i;Jakarta;Ya;Shopee;3 - 10 kali;Rp 100.000 - Rp 500.000;4;4;4;4;4;4;4;4;4;4;4;4;2;2;3;4;4;4;4;4;4;4
5/31/2024 20:25:54;Perempuan;16 - 25 tahun;Mahasiswa/i;Depok;Ya;Shopee;1 - 2 kali;Rp 100.000 - Rp 500.000;2;3;3;2;3;3;3;3;3;3;3;3;3;3;3;3;3;3;3;3;3;3
5/31/2024 20:26:14;Perempuan;16 - 25 tahun;Karyawan;Jakarta;Ya;Shopee;3 - 10 kali;Rp 100.000 - Rp 500.000;4;4;4;3;4;3;3;4;3;4;3;3;4;4;4;4;4;4;4;4;4;4
5/31/2024 20:26:19;Laki-Laki;16 - 25 tahun;Mahasiswa/i;Jakarta;Ya;Tokopedia;1 - 2 kali;Rp 100.000 - Rp 500.000;2;3;3;3;4;3;3;3;4;4;3;4;2;4;3;3;3;4;4;3;4;3
5/31/2024 20:26:29;Laki-Laki;16 - 25 tahun;Karyawan;Jakarta;Ya;Tokopedia;3 - 10 kali;Rp 100.000 - Rp 500.000;4;3;3;4;3;3;4;3;3;3;4;3;4;3;4;4;4;3;3;3;4;3
5/31/2024 20:26:30;Laki-Laki;16 - 25 tahun;Karyawan;Jakarta;Ya;Shopee;3 - 10 kali;Rp 100.000 - Rp 500.000;3;4;4;4;4;3;4;3;4;3;3;4;3;3;3;4;4;3;4;4;3;4
5/31/2024 20:26:39;Perempuan;16 - 25 tahun;Karyawan;Jakarta;Ya;Shopee, Tokopedia;3 - 10 kali;Rp 100.000 - Rp 500.000;4;3;3;4;3;2;3;4;3;4;4;4;3;4;3;3;3;4;4;3;3;3
5/31/2024 20:26:53;Perempuan;26 - 36 tahun;Mahasiswa/i;Jakarta;Ya;Tokopedia;> 10 kali;> Rp 500.000;4;3;4;2;2;3;4;3;3;4;4;4;4;4;4;4;4;4;2;4;4;4
5/31/2024 20:26:54;Laki-Laki;16 - 25 tahun;Karyawan;Jakarta;Ya;Shopee;1 - 2 kali;< Rp 100.000;2;3;4;3;3;3;4;3;2;3;3;4;3;4;3;3;3;4;4;3;4;3
5/31/2024 20:27:08;Laki-Laki;26 - 36 tahun;Karyawan;Tangerang;Ya;Tokopedia;> 10 kali;> Rp 500.000;4;2;4;4;4;4;4;2;4;4;4;4;4;4;3;4;4;4;2;4;2;4
5/31/2024 20:27:20;Laki-Laki;16 - 25 tahun;Mahasiswa/i;Jakarta;Ya;Shopee;3 - 10 kali;Rp 100.000 - Rp 500.000;4;2;3;4;2;4;3;4;4;3;4;4;3;4;3;4;4;3;4;3;4;3
5/31/2024 20:27:38;Perempuan;16 - 25 tahun;Karyawan;Jakarta;Ya;Shopee;1 - 2 kali;< Rp 100.000;3;4;3;4;3;3;3;3;2;3;4;2;3;4;2;3;4;2;3;4;2;3
5/31/2024 20:27:41;Perempuan;16 - 25 tahun;Karyawan;Jakarta;Ya;Shopee;1 - 2 kali;Rp 100.000 - Rp 500.000;4;3;4;3;4;4;3;4;4;3;4;4;4;4;3;4;4;4;3;4;3;4
5/31/2024 20:27:47;Perempuan;16 - 25 tahun;Mahasiswa/i;Jakarta;Ya;Shopee;1 - 2 kali;< Rp 100.000;4;3;4;3;3;3;3;3;3;4;3;4;4;3;3;3;3;2;3;4;3;3
5/31/2024 20:28:00;Perempuan;16 - 25 tahun;Mahasiswa/i;Jakarta;Ya;Tokopedia;3 - 10 kali;Rp 100.000 - Rp 500.000;4;4;4;4;4;4;4;3;4;3;3;4;4;4;4;4;3;4;4;4;4;4
5/31/2024 20:28:18;Perempuan;16 - 25 tahun;Mahasiswa/i;Bogor;Ya;Shopee;1 - 2 kali;Rp 100.000 - Rp 500.000;3;3;3;3;3;3;3;3;3;3;2;3;3;3;2;2;3;2;3;3;3;4
5/31/2024 20:28:20;Perempuan;16 - 25 tahun;Wiraswasta;Bekasi;Ya;Shopee, Tokopedia, Lazada;3 - 10 kali;Rp 100.000 - Rp 500.000;3;4;3;4;4;4;3;4;4;3;4;4;4;3;3;3;4;3;3;4;4;4
5/31/2024 20:28:26;Laki-Laki;16 - 25 tahun;Mahasiswa/i;Jakarta;Ya;Shopee;1 - 2 kali;Rp 100.000 - Rp 500.000;4;3;4;3;4;4;3;4;4;3;4;4;3;3;4;4;4;3;4;3;4;4
5/31/2024 20:28:51;Perempuan;16 - 25 tahun;Karyawan;Jakarta;Ya;Shopee, Tokopedia;3 - 10 kali;Rp 100.000 - Rp 500.000;4;3;4;4;3;3;4;3;4;3;4;3;4;4;3;4;4;3;3;4;4;4
5/31/2024 20:28:59;Perempuan;16 - 25 tahun;Mahasiswa/i;Jakarta;Ya;Tokopedia;1 - 2 kali;< Rp 100.000;3;3;3;4;4;3;4;3;3;3;4;4;3;4;3;4;3;4;3;3;4;4
5/31/2024 20:30:17;Perempuan;16 - 25 tahun;Mahasiswa/i;Jakarta;Ya;Shopee;1 - 2 kali;< Rp 100.000;3;3;4;4;4;3;3;3;4;4;2;3;1;3;3;4;3;3;4;3;2;3
5/31/2024 20:30:36;Perempuan;26 - 36 tahun;Karyawan;Jakarta;Ya;Shopee;> 10 kali;> Rp 500.000;4;2;2;4;2;2;4;4;4;4;4;2;4;2;4;4;4;4;4;4;4;4
5/31/2024 20:30:53;Perempuan;16 - 25 tahun;Karyawan;Jakarta;Ya;Shopee, Tokopedia;3 - 10 kali;> Rp 500.000;4;4;3;4;4;4;3;3;4;4;4;3;4;4;3;3;3;4;4;3;4;4
5/31/2024 20:30:59;Perempuan;16 - 25 tahun;Wiraswasta;Jakarta;Ya;Shopee, Tokopedia;> 10 kali;> Rp 500.000;4;4;4;4;4;4;4;4;4;4;4;4;4;4;4;4;4;4;4;4;4;4
5/31/2024 20:31:06;Laki-Laki;16 - 25 tahun;Mahasiswa/i;Jakarta;Ya;Tokopedia;3 - 10 kali;Rp 100.000 - Rp 500.000;3;4;4;3;4;3;3;4;2;4;4;3;3;4;3;3;3;4;4;3;3;4
5/31/2024 20:31:30;Perempuan;16 - 25 tahun;Pelajar siswa/i;Jakarta;Ya;Tokopedia;1 - 2 kali;> Rp 500.000;2;3;4;4;3;4;3;4;3;4;3;4;3;4;4;2;3;4;3;2;3;4
5/31/2024 20:32:01;Perempuan;16 - 25 tahun;Karyawan;Jakarta;Ya;Shopee;3 - 10 kali;Rp 100.000 - Rp 500.000;4;4;4;4;4;4;4;4;4;4;4;4;4;4;4;4;4;4;4;4;4;4
5/31/2024 20:32:16;Laki-Laki;26 - 36 tahun;Karyawan;Jakarta;Ya;Tokopedia;3 - 10 kali;> Rp 500.000;4;2;4;2;4;4;4;2;4;4;4;2;4;2;4;2;4;4;4;4;4;4
5/31/2024 20:32:19;Laki-Laki;16 - 25 tahun;Mahasiswa/i;Jakarta;Ya;Shopee;3 - 10 kali;Rp 100.000 - Rp 500.000;4;3;4;3;4;4;4;3;4;3;4;3;4;3;4;4;4;4;4;4;4;3
5/31/2024 20:33:16;Laki-Laki;16 - 25 tahun;Mahasiswa/i;Jakarta;Ya;Shopee;3 - 10 kali;Rp 100.000 - Rp 500.000;3;4;2;3;4;4;4;3;3;4;4;3;4;3;4;4;4;4;3;4;4;3
5/31/2024 20:35:28;Laki-Laki;16 - 25 tahun;Pelajar siswa/i;Jakarta;Ya;Shopee;3 - 10 kali;Rp 100.000 - Rp 500.000;3;4;4;3;3;4;4;4;3;4;4;3;4;3;3;3;4;4;4;4;3;4
5/31/2024 20:35:43;Perempuan;16 - 25 tahun;Mahasiswa/i;Jakarta;Ya;Shopee;1 - 2 kali;> Rp 500.000;4;4;4;4;4;3;4;4;4;4;4;4;4;4;4;4;4;4;3;3;4;3
5/31/2024 20:54:09;Perempuan;16 - 25 tahun;Mahasiswa/i;Jakarta;Ya;Shopee;3 - 10 kali;< Rp 100.000;3;3;4;4;3;4;3;3;3;4;4;3;4;3;4;4;4;3;4;3;4;4
6/1/2024 15:33:41;Perempuan;16 - 25 tahun;Mahasiswa/i;Tangerang;Ya;Shopee, Tokopedia;3 - 10 kali;Rp 100.000 - Rp 500.000;4;4;4;4;4;4;4;4;4;4;4;4;3;4;4;3;4;4;2;4;4;4
6/1/2024 15:34:08;Laki-Laki;16 - 25 tahun;Mahasiswa/i;Tangerang;Ya;Shopee;1 - 2 kali;Rp 100.000 - Rp 500.000;4;4;4;4;4;4;4;4;4;4;4;4;4;3;3;4;4;4;4;4;4;4
6/1/2024 15:46:54;Perempuan;16 - 25 tahun;Mahasiswa/i;Tangerang;Ya;Shopee, Tokopedia, Tiktok shop ;3 - 10 kali;Rp 100.000 - Rp 500.000;4;3;3;4;4;3;4;4;4;3;2;2;4;4;4;3;4;3;4;3;4;3
6/1/2024 15:53:53;Perempuan;16 - 25 tahun;Mahasiswa/i;Tangerang;Ya;Shopee, Tokopedia;3 - 10 kali;Rp 100.000 - Rp 500.000;3;3;3;3;3;3;3;3;3;3;3;3;3;3;3;3;3;3;3;3;3;3
6/1/2024 15:58:13;Perempuan;16 - 25 tahun;Pelajar siswa/i;Jakarta;Ya;Shopee, Tokopedia;3 - 10 kali;Rp 100.000 - Rp 500.000;3;4;4;4;4;4;4;4;4;4;4;3;4;4;3;4;4;3;4;4;4;4
6/1/2024 16:55:48;Laki-Laki;16 - 25 tahun;Mahasiswa/i;Tangerang;Ya;Shopee;1 - 2 kali;Rp 100.000 - Rp 500.000;4;4;4;4;4;4;4;4;4;4;4;4;4;4;4;4;4;4;4;4;4;4
6/1/2024 17:02:40;Laki-Laki;16 - 25 tahun;Mahasiswa/i;Tangerang;Ya;Shopee, Tokopedia;1 - 2 kali;Rp 100.000 - Rp 500.000;4;2;3;4;3;4;4;4;3;3;3;3;3;3;2;3;3;3;3;3;3;3
6/1/2024 19:17:50;Perempuan;26 - 36 tahun;Karyawan;Jakarta;Ya;Shopee;1 - 2 kali;< Rp 100.000;3;4;2;3;4;2;3;4;2;3;4;2;3;4;2;3;4;2;3;4;2;3
6/1/2024 19:17:53;Perempuan;16 - 25 tahun;Mahasiswa/i;Jakarta;Ya;Shopee;3 - 10 kali;Rp 100.000 - Rp 500.000;2;4;2;3;4;2;4;3;2;2;2;3;2;3;3;3;3;3;3;3;2;2
6/1/2024 19:18:26;Laki-Laki;16 - 25 tahun;Mahasiswa/i;Jakarta;Ya;Shopee;1 - 2 kali;< Rp 100.000;3;4;4;2;4;3;4;4;4;4;4;3;3;4;4;3;4;4;4;3;4;4
6/1/2024 19:19:18;Perempuan;16 - 25 tahun;Mahasiswa/i;Jakarta;Ya;Shopee, Tokopedia;3 - 10 kali;Rp 100.000 - Rp 500.000;3;2;4;2;3;3;2;4;2;3;3;3;4;3;2;2;2;3;4;4;2;4
6/1/2024 19:19:57;Perempuan;16 - 25 tahun;Mahasiswa/i;Jakarta;Ya;Shopee;1 - 2 kali;< Rp 100.000;4;4;4;4;4;4;4;4;4;4;4;4;4;4;4;4;4;3;3;3;4;4
6/1/2024 19:20:32;Perempuan;16 - 25 tahun;Karyawan;Jakarta;Ya;Shopee;3 - 10 kali;Rp 100.000 - Rp 500.000;4;4;3;4;4;4;4;3;3;3;3;4;3;4;4;4;4;4;4;4;4;3
6/1/2024 19:20:32;Laki-Laki;16 - 25 tahun;Mahasiswa/i;Jakarta;Ya;Shopee;3 - 10 kali;Rp 100.000 - Rp 500.000;4;3;3;4;3;2;3;4;4;4;3;3;3;3;2;4;4;3;4;4;3;4
6/1/2024 19:21:18;Laki-Laki;16 - 25 tahun;Pelajar siswa/i;Jakarta;Ya;Shopee;3 - 10 kali;Rp 100.000 - Rp 500.000;4;3;3;4;4;4;4;4;3;3;3;4;3;4;4;4;4;3;3;3;4;4
6/1/2024 19:21:30;Laki-Laki;16 - 25 tahun;Mahasiswa/i;Jakarta;Ya;Shopee;3 - 10 kali;Rp 100.000 - Rp 500.000;4;4;3;4;4;4;4;4;4;4;4;3;3;4;4;4;4;4;4;4;3;4
6/1/2024 19:21:31;Perempuan;16 - 25 tahun;Mahasiswa/i;Jakarta;Ya;Shopee, Tokopedia;1 - 2 kali;Rp 100.000 - Rp 500.000;4;3;4;4;3;4;4;4;3;4;4;4;4;4;3;4;4;4;3;3;4;4
6/1/2024 19:21:43;Perempuan;16 - 25 tahun;Karyawan;Jakarta;Ya;Shopee;3 - 10 kali;Rp 100.000 - Rp 500.000;3;4;4;3;4;3;3;4;4;3;3;3;4;2;3;3;4;3;3;4;4;4
6/1/2024 19:22:22;Perempuan;26 - 36 tahun;Wiraswasta;Jakarta;Ya;Shopee;3 - 10 kali;Rp 100.000 - Rp 500.000;2;4;4;2;3;4;3;2;2;2;3;3;2;4;3;3;4;2;2;2;2;3
6/1/2024 19:22:29;Perempuan;16 - 25 tahun;Karyawan;Jakarta;Ya;Tokopedia;3 - 10 kali;Rp 100.000 - Rp 500.000;2;3;4;3;4;3;4;4;4;4;4;4;3;3;2;2;2;3;2;3;2;3
6/1/2024 19:22:46;Laki-Laki;16 - 25 tahun;Pelajar siswa/i;Jakarta;Ya;Shopee;1 - 2 kali;Rp 100.000 - Rp 500.000;4;2;3;3;2;4;3;3;2;3;2;3;3;4;2;3;2;2;3;3;3;3
6/1/2024 19:23:01;Perempuan;16 - 25 tahun;Karyawan;Jakarta;Ya;Shopee, Tokopedia;3 - 10 kali;> Rp 500.000;3;3;3;3;3;3;3;4;4;3;3;3;4;4;4;4;3;4;4;4;3;4
6/1/2024 19:23:16;Perempuan;16 - 25 tahun;Mahasiswa/i;Jakarta;Ya;Shopee;3 - 10 kali;Rp 100.000 - Rp 500.000;3;4;4;3;4;4;4;4;4;4;4;4;3;3;3;4;3;3;3;2;3;3
6/1/2024 19:23:16;Perempuan;16 - 25 tahun;Mahasiswa/i;Jakarta;Ya;Shopee, Tokopedia;> 10 kali;Rp 100.000 - Rp 500.000;4;4;4;4;4;4;4;4;4;4;4;4;4;4;4;4;4;4;4;4;4;4
6/1/2024 19:23:41;Perempuan;16 - 25 tahun;Mahasiswa/i;Jakarta;Ya;Shopee;> 10 kali;Rp 100.000 - Rp 500.000;4;4;4;4;4;4;4;4;4;3;3;4;4;4;3;4;4;4;4;3;3;4
6/1/2024 19:24:01;Laki-Laki;16 - 25 tahun;Mahasiswa/i;Jakarta;Ya;Shopee;3 - 10 kali;Rp 100.000 - Rp 500.000;4;4;4;4;4;4;4;3;3;4;3;4;4;4;4;4;4;3;4;4;4;4
6/1/2024 19:24:03;Perempuan;16 - 25 tahun;Pelajar siswa/i;Jakarta;Ya;Shopee;1 - 2 kali;< Rp 100.000;3;3;4;4;4;4;4;4;2;4;4;3;3;4;4;4;4;2;3;3;4;3
6/1/2024 19:24:43;Laki-Laki;16 - 25 tahun;Karyawan;Jakarta;Ya;Shopee, Tokopedia;3 - 10 kali;Rp 100.000 - Rp 500.000;4;4;4;3;4;4;3;4;4;3;3;3;4;4;4;3;4;4;4;4;3;4
6/1/2024 19:25:15;Laki-Laki;16 - 25 tahun;Pelajar siswa/i;Jakarta;Ya;Tokopedia;3 - 10 kali;Rp 100.000 - Rp 500.000;4;3;4;3;4;3;3;4;4;3;4;3;4;4;3;3;3;4;4;4;4;4
6/1/2024 19:25:39;Perempuan;16 - 25 tahun;Karyawan;Jakarta;Ya;Tokopedia;3 - 10 kali;Rp 100.000 - Rp 500.000;4;4;4;4;4;4;3;4;4;4;4;4;4;3;4;4;4;4;4;4;3;4
6/1/2024 19:25:39;Perempuan;16 - 25 tahun;Pelajar siswa/i;Jakarta;Ya;Shopee;1 - 2 kali;< Rp 100.000;3;4;3;4;3;3;2;4;3;4;3;4;3;4;4;3;3;4;4;4;3;3
6/1/2024 19:25:50;Perempuan;16 - 25 tahun;Mahasiswa/i;Jakarta;Ya;Shopee, Tokopedia;3 - 10 kali;Rp 100.000 - Rp 500.000;4;4;4;3;3;3;3;3;3;3;4;3;4;3;4;3;4;4;3;3;3;3
6/1/2024 19:25:56;Perempuan;16 - 25 tahun;Mahasiswa/i;Tangerang;Ya;Shopee;3 - 10 kali;> Rp 500.000;3;3;2;4;3;2;2;4;3;3;4;4;3;3;3;2;3;3;4;3;2;3
6/1/2024 19:26:02;Perempuan;26 - 36 tahun;Ibu rumah tangga;Bogor;Ya;Shopee, Tokopedia, ;3 - 10 kali;Rp 100.000 - Rp 500.000;4;4;3;3;4;3;4;4;4;4;4;4;4;4;4;3;4;3;4;4;4;4
6/1/2024 19:26:18;Laki-Laki;16 - 25 tahun;Karyawan;Jakarta;Ya;Tokopedia;3 - 10 kali;Rp 100.000 - Rp 500.000;4;4;4;4;4;4;3;4;4;4;4;4;4;3;3;4;4;4;4;3;4;4
6/1/2024 19:26:19;Laki-Laki;16 - 25 tahun;Karyawan;Tangerang;Ya;Lazada ;3 - 10 kali;Rp 100.000 - Rp 500.000;4;4;4;3;4;4;4;3;3;4;4;4;4;3;3;4;3;3;4;4;4;4
6/1/2024 19:26:20;Perempuan;16 - 25 tahun;Ibu rumah tangga;Jakarta;Ya;Shopee;> 10 kali;> Rp 500.000;3;3;3;2;2;3;3;3;2;3;2;3;4;4;4;2;3;3;2;3;2;3
6/1/2024 19:26:42;Perempuan;16 - 25 tahun;Karyawan;Jakarta;Ya;Shopee, Tokopedia;3 - 10 kali;Rp 100.000 - Rp 500.000;3;3;3;3;3;3;4;3;4;3;3;4;4;3;3;4;4;3;4;3;3;3
6/1/2024 19:26:52;Laki-Laki;16 - 25 tahun;Karyawan;Jakarta;Ya;Tokopedia;3 - 10 kali;Rp 100.000 - Rp 500.000;3;3;3;3;3;4;4;2;2;3;3;3;3;3;3;3;3;3;3;3;3;3
6/1/2024 19:27:02;Laki-Laki;16 - 25 tahun;Mahasiswa/i;Jakarta;Ya;Shopee;> 10 kali;> Rp 500.000;4;3;3;4;3;3;4;4;3;4;4;3;3;4;4;4;3;4;4;4;3;3
6/1/2024 19:27:09;Laki-Laki;16 - 25 tahun;Mahasiswa/i;Jakarta;Ya;Shopee, Tokopedia;3 - 10 kali;Rp 100.000 - Rp 500.000;3;4;3;4;4;3;4;3;4;2;3;2;3;3;4;3;3;3;2;3;3;2
6/1/2024 19:27:14;Laki-Laki;16 - 25 tahun;Mahasiswa/i;Jakarta;Ya;Shopee, Tokopedia;1 - 2 kali;Rp 100.000 - Rp 500.000;2;3;3;3;4;2;2;4;3;4;3;3;3;4;3;3;3;4;3;3;4;3
6/1/2024 19:27:16;Perempuan;16 - 25 tahun;Mahasiswa/i;Jakarta;Ya;Tokopedia;> 10 kali;Rp 100.000 - Rp 500.000;4;4;4;3;4;4;4;3;4;3;3;4;4;4;4;4;4;3;4;4;4;4
6/1/2024 19:27:55;Perempuan;16 - 25 tahun;Karyawan;Jakarta;Ya;Tokopedia;3 - 10 kali;Rp 100.000 - Rp 500.000;4;4;4;3;4;4;4;4;4;3;4;4;4;3;4;4;4;3;4;4;4;4
6/1/2024 19:28:02;Perempuan;16 - 25 tahun;Mahasiswa/i;Jakarta;Ya;Tokopedia;1 - 2 kali;< Rp 100.000;4;3;3;4;4;4;4;4;3;4;4;4;4;4;4;4;4;4;4;4;4;4
6/1/2024 19:28:02;Perempuan;16 - 25 tahun;Mahasiswa/i;Jakarta;Ya;Shopee, Tokopedia;3 - 10 kali;Rp 100.000 - Rp 500.000;4;3;3;4;4;4;3;3;4;4;4;4;4;3;4;3;4;4;4;4;3;3
6/1/2024 19:28:22;Perempuan;16 - 25 tahun;Pelajar siswa/i;Jakarta;Ya;Shopee, Tokopedia;3 - 10 kali;> Rp 500.000;4;3;4;4;4;4;3;3;4;3;2;3;4;3;3;3;3;3;3;4;4;3
6/1/2024 19:28:35;Laki-Laki;16 - 25 tahun;Karyawan;Jakarta;Ya;Shopee;1 - 2 kali;< Rp 100.000;2;3;4;3;4;3;2;3;3;4;3;3;2;4;3;4;4;3;4;4;3;4
6/1/2024 19:28:35;Perempuan;16 - 25 tahun;Karyawan;Jakarta;Ya;Shopee;1 - 2 kali;< Rp 100.000;2;3;4;2;3;4;2;3;4;2;3;4;2;3;4;2;2;3;4;2;3;4
6/1/2024 19:28:36;Perempuan;26 - 36 tahun;Ibu rumah tangga;Tangerang;Ya;Tokopedia;> 10 kali;> Rp 500.000;2;3;2;3;3;3;3;3;4;4;4;3;3;3;2;3;3;3;3;2;2;3
6/1/2024 19:28:37;Laki-Laki;16 - 25 tahun;Mahasiswa/i;Jakarta;Ya;Shopee;3 - 10 kali;> Rp 500.000;3;3;3;4;4;4;3;3;4;4;3;3;3;4;4;3;2;3;3;4;4;3
6/1/2024 19:28:46;Perempuan;16 - 25 tahun;Karyawan;Jakarta;Ya;Shopee, Lazada;3 - 10 kali;> Rp 500.000;3;4;3;2;3;4;4;3;3;4;3;3;3;3;4;4;3;4;3;4;4;3
6/1/2024 19:28:50;Laki-Laki;16 - 25 tahun;Mahasiswa/i;Bogor;Ya;Shopee;1 - 2 kali;> Rp 500.000;4;2;2;3;3;4;3;2;2;2;3;4;3;4;4;2;4;3;3;2;4;3
6/1/2024 19:28:52;Laki-Laki;16 - 25 tahun;Mahasiswa/i;Jakarta;Ya;Tokopedia;3 - 10 kali;Rp 100.000 - Rp 500.000;4;4;4;4;4;4;3;4;4;3;4;4;4;3;4;4;4;3;3;4;4;4
6/1/2024 19:28:58;Laki-Laki;16 - 25 tahun;Mahasiswa/i;Jakarta;Ya;Tokopedia;3 - 10 kali;Rp 100.000 - Rp 500.000;4;4;4;3;3;3;3;4;3;4;4;3;3;4;4;4;3;3;3;4;4;4
6/1/2024 19:29:03;Perempuan;16 - 25 tahun;Wiraswasta;Jakarta;Ya;Shopee;3 - 10 kali;< Rp 100.000;2;4;4;3;4;4;3;3;2;4;4;4;3;4;4;3;3;4;4;4;3;4
6/1/2024 19:29:10;Laki-Laki;16 - 25 tahun;Pelajar siswa/i;Jakarta;Ya;Shopee, Tokopedia;3 - 10 kali;< Rp 100.000;3;3;4;4;4;4;4;3;3;3;3;3;4;4;3;4;4;4;4;3;3;3
6/1/2024 19:29:31;Perempuan;16 - 25 tahun;Mahasiswa/i;Jakarta;Ya;Shopee;> 10 kali;> Rp 500.000;4;4;4;3;4;3;3;4;4;3;4;3;3;4;4;4;3;4;3;4;4;4
6/1/2024 19:29:32;Perempuan;16 - 25 tahun;Mahasiswa/i;Jakarta;Ya;Tokopedia;3 - 10 kali;< Rp 100.000;4;3;4;4;3;4;4;4;4;4;4;4;4;4;4;3;4;3;4;4;4;4
6/1/2024 19:29:32;Perempuan;16 - 25 tahun;Karyawan;Jakarta;Ya;Shopee, Tokopedia, Lazada;3 - 10 kali;Rp 100.000 - Rp 500.000;4;4;4;4;4;4;4;4;4;4;4;4;4;4;4;4;4;4;4;4;4;4
6/1/2024 19:29:32;Perempuan;16 - 25 tahun;Mahasiswa/i;Jakarta;Ya;Shopee;3 - 10 kali;Rp 100.000 - Rp 500.000;4;4;4;4;4;4;2;4;4;4;4;4;4;4;4;4;4;4;4;4;4;4
6/1/2024 19:29:37;Perempuan;16 - 25 tahun;Karyawan;Jakarta;Ya;Shopee, Tokopedia;3 - 10 kali;Rp 100.000 - Rp 500.000;4;4;3;4;4;4;4;4;4;4;4;4;4;4;4;3;4;4;4;4;4;4
6/1/2024 19:29:41;Laki-Laki;26 - 36 tahun;Wiraswasta;Jakarta;Ya;Shopee;3 - 10 kali;Rp 100.000 - Rp 500.000;3;3;3;4;3;3;3;3;2;2;2;2;4;3;3;3;3;1;3;2;4;3
6/1/2024 19:29:56;Perempuan;16 - 25 tahun;Mahasiswa/i;Jakarta;Ya;Shopee, Tokopedia;3 - 10 kali;Rp 100.000 - Rp 500.000;4;4;4;4;4;3;3;3;4;4;4;4;3;3;3;4;4;4;4;4;3;3
6/1/2024 19:29:59;Perempuan;16 - 25 tahun;Mahasiswa/i;Jakarta;Ya;Shopee, Tokopedia;1 - 2 kali;< Rp 100.000;4;3;4;3;3;3;4;3;3;4;4;4;4;3;3;4;3;4;4;4;3;4
6/1/2024 19:30:05;Perempuan;16 - 25 tahun;Pelajar siswa/i;Jakarta;Ya;Shopee;3 - 10 kali;> Rp 500.000;3;3;2;4;4;4;2;4;3;4;3;4;3;4;3;3;3;4;4;4;3;4
6/1/2024 19:30:07;Perempuan;16 - 25 tahun;Karyawan;Jakarta;Ya;Tokopedia;3 - 10 kali;Rp 100.000 - Rp 500.000;3;4;4;3;4;3;3;3;4;3;4;4;4;4;4;3;3;4;4;3;4;4
6/1/2024 19:30:08;Perempuan;16 - 25 tahun;Mahasiswa/i;Jakarta;Ya;Tokopedia;3 - 10 kali;Rp 100.000 - Rp 500.000;4;4;3;3;3;2;4;4;3;4;3;4;2;3;4;4;3;4;4;3;3;3
6/1/2024 19:30:14;Perempuan;16 - 25 tahun;Karyawan;Jakarta;Ya;Shopee;3 - 10 kali;< Rp 100.000;4;3;3;4;4;3;3;3;2;4;3;3;3;4;4;3;4;3;3;2;4;4
6/1/2024 19:30:18;Perempuan;16 - 25 tahun;Mahasiswa/i;Jakarta;Ya;Tokopedia, ;1 - 2 kali;> Rp 500.000;4;4;4;4;4;4;3;3;4;3;3;3;4;3;4;3;4;4;4;4;3;4
6/1/2024 19:30:28;Laki-Laki;16 - 25 tahun;Pelajar siswa/i;Jakarta;Ya;Shopee, Tokopedia;> 10 kali;Rp 100.000 - Rp 500.000;3;3;3;4;4;4;4;4;4;4;4;4;3;3;4;4;4;4;3;3;3;4
6/1/2024 19:30:29;Perempuan;16 - 25 tahun;Karyawan;Jakarta;Ya;Shopee;3 - 10 kali;Rp 100.000 - Rp 500.000;4;4;4;4;4;4;4;4;4;4;4;4;4;4;4;4;4;4;4;4;4;4
6/1/2024 19:30:34;Perempuan;16 - 25 tahun;Mahasiswa/i;Jakarta;Ya;Shopee, Tokopedia, Tiktok, Lazada;3 - 10 kali;Rp 100.000 - Rp 500.000;3;4;4;4;4;4;4;4;4;3;3;4;4;3;4;4;4;4;4;3;3;4
6/1/2024 19:30:38;Laki-Laki;16 - 25 tahun;Mahasiswa/i;Jakarta;Ya;Shopee;3 - 10 kali;Rp 100.000 - Rp 500.000;4;4;4;4;4;4;4;4;3;3;4;4;4;4;4;4;3;4;4;4;4;4
6/1/2024 19:30:38;Laki-Laki;26 - 36 tahun;Wiraswasta;Jakarta;Ya;Tokopedia;3 - 10 kali;Rp 100.000 - Rp 500.000;1;3;2;4;3;4;3;2;2;3;3;4;3;3;3;3;3;2;2;3;4;3
6/1/2024 19:30:47;Laki-Laki;16 - 25 tahun;Mahasiswa/i;Jakarta;Ya;Shopee, Tokopedia;1 - 2 kali;< Rp 100.000;2;3;4;3;4;2;3;4;2;3;4;3;2;3;4;3;2;3;4;3;2;3
6/1/2024 19:30:51;Perempuan;16 - 25 tahun;Pelajar siswa/i;Jakarta;Ya;Shopee;3 - 10 kali;Rp 100.000 - Rp 500.000;4;3;4;4;4;4;3;4;3;4;4;3;4;4;3;3;4;4;4;4;3;4
6/1/2024 19:31:14;Perempuan;16 - 25 tahun;Wiraswasta;Jakarta;Ya;Tokopedia;1 - 2 kali;< Rp 100.000;3;4;4;4;4;3;4;4;4;4;2;4;3;4;4;3;3;4;4;4;3;4
6/1/2024 19:31:19;Perempuan;16 - 25 tahun;Mahasiswa/i;Jakarta;Ya;Tokopedia;3 - 10 kali;Rp 100.000 - Rp 500.000;3;4;4;3;4;3;4;4;4;4;4;3;3;4;3;4;3;4;4;3;4;4
6/1/2024 19:31:25;Laki-Laki;16 - 25 tahun;Pelajar siswa/i;Jakarta;Ya;Shopee, Tokopedia;1 - 2 kali;< Rp 100.000;3;3;3;3;3;4;4;4;2;4;4;3;3;3;2;3;4;4;3;2;4;4
6/1/2024 19:31:33;Perempuan;16 - 25 tahun;Mahasiswa/i;Jakarta;Ya;Shopee, Tokopedia;3 - 10 kali;Rp 100.000 - Rp 500.000;3;4;4;3;4;4;4;4;3;4;3;4;4;3;2;4;4;4;4;4;4;4
6/1/2024 19:31:35;Laki-Laki;16 - 25 tahun;Mahasiswa/i;Jakarta;Ya;Shopee;3 - 10 kali;Rp 100.000 - Rp 500.000;4;4;4;4;4;4;3;4;4;3;4;4;4;4;4;4;4;4;3;4;4;3
6/1/2024 19:31:53;Perempuan;16 - 25 tahun;Karyawan;Bogor;Ya;Tokopedia;1 - 2 kali;< Rp 100.000;2;3;4;2;4;2;3;3;3;2;2;4;4;3;4;2;3;4;3;2;3;4
6/1/2024 19:32:01;Laki-Laki;16 - 25 tahun;Karyawan;Jakarta;Ya;Shopee, Tokopedia;1 - 2 kali;> Rp 500.000;4;3;4;2;3;2;3;2;3;3;4;3;3;4;3;2;4;3;4;3;3;3
6/1/2024 19:32:11;Perempuan;16 - 25 tahun;Wiraswasta;Bekasi;Ya;Shopee, Tokopedia;3 - 10 kali;> Rp 500.000;4;3;3;2;3;4;3;3;4;3;3;4;3;4;4;4;3;3;4;3;3;3
6/1/2024 19:32:33;Laki-Laki;16 - 25 tahun;Mahasiswa/i;Jakarta;Ya;Shopee;3 - 10 kali;Rp 100.000 - Rp 500.000;4;4;4;4;3;4;4;4;4;4;4;3;4;3;4;3;4;4;4;4;4;4
6/1/2024 19:32:46;Perempuan;16 - 25 tahun;Mahasiswa/i;Jakarta;Ya;Shopee;3 - 10 kali;Rp 100.000 - Rp 500.000;3;3;4;4;4;4;3;3;3;3;4;3;3;4;4;3;4;4;4;4;4;4
6/1/2024 19:32:48;Laki-Laki;16 - 25 tahun;Mahasiswa/i;Jakarta;Ya;Shopee;1 - 2 kali;< Rp 100.000;3;4;4;4;4;4;3;3;4;3;3;4;3;3;4;4;4;4;3;3;4;4
6/1/2024 19:32:50;Perempuan;16 - 25 tahun;Karyawan;Jakarta;Ya;Shopee;> 10 kali;> Rp 500.000;4;4;3;3;4;3;4;3;4;4;4;3;3;3;4;4;4;4;3;3;4;3
6/1/2024 19:32:50;Laki-Laki;16 - 25 tahun;Mahasiswa/i;Bekasi;Ya;Shopee, Tokopedia;3 - 10 kali;> Rp 500.000;3;4;4;3;4;3;3;4;4;4;3;4;3;3;2;3;2;3;4;3;4;4
6/1/2024 19:33:05;Perempuan;16 - 25 tahun;Mahasiswa/i;Jakarta;Ya;Shopee;> 10 kali;Rp 100.000 - Rp 500.000;4;3;4;4;4;3;4;4;3;4;4;4;3;4;3;4;4;4;3;4;4;4
6/1/2024 19:33:10;Perempuan;16 - 25 tahun;Karyawan;Jakarta;Ya;Shopee;3 - 10 kali;> Rp 500.000;4;4;2;3;4;3;4;4;3;4;4;3;3;4;4;3;2;3;4;4;3;4
6/1/2024 19:33:15;Laki-Laki;16 - 25 tahun;Karyawan;Jakarta;Ya;Shopee;1 - 2 kali;< Rp 100.000;2;3;4;2;3;4;2;3;4;3;2;3;4;3;2;3;4;2;3;4;2;3
6/1/2024 19:33:20;Perempuan;16 - 25 tahun;Wiraswasta;Jakarta;Ya;Shopee, Tokopedia;3 - 10 kali;Rp 100.000 - Rp 500.000;3;3;3;3;3;4;4;4;4;4;4;3;3;3;3;3;3;3;3;3;3;3
6/1/2024 19:33:33;Perempuan;16 - 25 tahun;Pelajar siswa/i;Jakarta;Ya;Tokopedia;3 - 10 kali;Rp 100.000 - Rp 500.000;4;4;4;4;4;4;3;4;4;2;4;3;4;3;4;4;4;3;4;4;4;4
6/1/2024 19:33:33;Perempuan;16 - 25 tahun;Ibu rumah tangga;Tangerang;Ya;Shopee, Tokopedia;3 - 10 kali;Rp 100.000 - Rp 500.000;4;3;4;2;4;3;4;3;3;4;4;4;3;4;4;4;3;4;4;4;3;4
6/1/2024 19:33:33;Perempuan;16 - 25 tahun;Mahasiswa/i;Jakarta;Ya;Shopee;3 - 10 kali;Rp 100.000 - Rp 500.000;4;4;4;4;4;4;4;4;4;4;4;4;4;4;4;4;3;4;4;4;4;4
6/1/2024 19:33:57;Laki-Laki;16 - 25 tahun;Mahasiswa/i;Jakarta;Ya;Shopee, Tokopedia;3 - 10 kali;Rp 100.000 - Rp 500.000;4;4;2;3;3;2;3;3;4;3;4;3;3;3;3;3;3;4;3;4;4;4
6/1/2024 19:34:09;Laki-Laki;16 - 25 tahun;Wiraswasta;Jakarta;Ya;Shopee;> 10 kali;Rp 100.000 - Rp 500.000;4;4;3;4;3;4;4;3;4;3;4;4;3;4;3;4;3;4;3;4;4;4
6/1/2024 19:34:18;Perempuan;16 - 25 tahun;Karyawan;Jakarta;Ya;Shopee, Tokopedia;3 - 10 kali;Rp 100.000 - Rp 500.000;4;4;4;4;4;4;4;4;4;4;4;4;3;4;4;4;4;4;4;4;4;4
6/1/2024 19:34:20;Perempuan;16 - 25 tahun;Karyawan;Jakarta;Ya;Shopee;3 - 10 kali;> Rp 500.000;3;4;3;4;3;3;4;4;4;3;4;4;3;4;3;3;4;4;4;4;4;3
6/1/2024 19:34:35;Perempuan;16 - 25 tahun;Mahasiswa/i;Jakarta;Ya;Shopee;3 - 10 kali;Rp 100.000 - Rp 500.000;3;4;4;4;4;3;3;4;3;4;3;3;3;2;3;4;3;4;4;4;3;4
6/1/2024 19:34:39;Perempuan;16 - 25 tahun;Karyawan;Jakarta;Ya;Shopee, Lazada;3 - 10 kali;> Rp 500.000;4;2;2;3;4;4;4;3;3;3;4;4;4;3;3;4;4;4;3;3;3;3
6/1/2024 19:34:44;Perempuan;16 - 25 tahun;Karyawan;Jakarta;Ya;Shopee, Tokopedia, tiktok shop, lazada;3 - 10 kali;Rp 100.000 - Rp 500.000;4;3;4;4;4;4;4;4;4;3;4;4;4;4;3;4;4;4;4;4;3;4
6/1/2024 19:34:57;Perempuan;16 - 25 tahun;Mahasiswa/i;Jakarta;Ya;Shopee, Tokopedia;3 - 10 kali;Rp 100.000 - Rp 500.000;3;3;4;4;3;3;3;4;4;4;2;4;4;3;4;3;4;3;4;3;3;3
6/1/2024 19:34:59;Perempuan;16 - 25 tahun;Mahasiswa/i;Jakarta;Ya;Shopee, Tokopedia;3 - 10 kali;> Rp 500.000;3;3;3;4;3;3;3;4;2;3;3;3;2;4;4;3;3;3;2;2;2;3
6/1/2024 19:35:15;Perempuan;16 - 25 tahun;Karyawan;Jakarta;Ya;Shopee;1 - 2 kali;Rp 100.000 - Rp 500.000;2;4;3;3;2;2;3;4;3;2;3;4;3;3;4;3;3;4;4;3;3;4
6/1/2024 19:35:21;Laki-Laki;16 - 25 tahun;Mahasiswa/i;Jakarta;Ya;Shopee, Tokopedia;3 - 10 kali;> Rp 500.000;4;4;4;4;4;4;4;4;4;4;4;4;4;4;4;4;4;4;4;4;4;4
6/1/2024 19:35:21;Perempuan;16 - 25 tahun;Mahasiswa/i;Jakarta;Ya;Shopee, LAZADA;> 10 kali;Rp 100.000 - Rp 500.000;3;4;4;4;3;4;3;3;4;4;4;3;3;3;3;4;4;4;3;2;4;4
6/1/2024 19:35:22;Perempuan;16 - 25 tahun;Wiraswasta;Bogor;Ya;Shopee;1 - 2 kali;Rp 100.000 - Rp 500.000;3;3;3;3;2;3;3;3;3;3;3;3;4;3;4;4;4;4;3;3;3;4
6/1/2024 19:35:53;Perempuan;16 - 25 tahun;Karyawan;Bekasi;Ya;Shopee;3 - 10 kali;> Rp 500.000;2;4;4;4;3;4;4;4;3;4;4;2;3;4;4;3;2;4;4;4;3;3
6/1/2024 19:35:57;Perempuan;16 - 25 tahun;Karyawan;Jakarta;Ya;Shopee;3 - 10 kali;> Rp 500.000;4;4;4;4;4;4;4;4;4;4;4;4;4;4;4;4;4;4;4;4;4;4
6/1/2024 19:36:07;Laki-Laki;16 - 25 tahun;Karyawan;Jakarta;Ya;Tokopedia;3 - 10 kali;Rp 100.000 - Rp 500.000;4;4;3;4;4;3;4;3;4;4;3;4;3;4;4;3;3;4;3;4;4;4
6/1/2024 19:36:37;Laki-Laki;16 - 25 tahun;Mahasiswa/i;Jakarta;Ya;Tokopedia;3 - 10 kali;Rp 100.000 - Rp 500.000;4;4;4;4;4;4;4;4;4;4;4;4;4;3;3;3;3;3;3;4;4;4
6/1/2024 19:36:44;Laki-Laki;16 - 25 tahun;Mahasiswa/i;Jakarta;Ya;Shopee, Tokopedia;3 - 10 kali;> Rp 500.000;3;4;4;3;4;3;4;4;2;3;3;4;4;4;4;3;3;4;4;3;3;3
6/1/2024 19:36:56;Perempuan;16 - 25 tahun;Karyawan;Jakarta;Ya;Tokopedia;3 - 10 kali;Rp 100.000 - Rp 500.000;3;4;3;4;3;4;4;3;4;3;4;4;3;4;4;4;4;3;4;3;4;4
6/1/2024 19:37:38;Laki-Laki;16 - 25 tahun;Mahasiswa/i;Jakarta;Ya;Shopee;3 - 10 kali;Rp 100.000 - Rp 500.000;4;4;4;4;4;3;3;3;4;3;4;3;4;3;4;3;3;4;3;4;3;4
6/1/2024 19:39:44;Perempuan;16 - 25 tahun;Mahasiswa/i;Jakarta;Ya;Shopee;3 - 10 kali;Rp 100.000 - Rp 500.000;4;4;4;4;4;4;4;4;4;4;4;4;3;4;4;4;4;4;4;4;4;4
6/1/2024 19:51:53;Perempuan;16 - 25 tahun;Karyawan;Jakarta;Ya;Shopee;3 - 10 kali;> Rp 500.000;4;4;4;4;4;4;4;4;4;4;4;4;4;4;4;4;4;4;4;4;4;4
6/2/2024 12:56:00;Perempuan;16 - 25 tahun;Mahasiswa/i;Tangerang;Ya;Shopee, Tokopedia;1 - 2 kali;Rp 100.000 - Rp 500.000;2;4;3;3;3;3;3;4;3;4;3;3;3;3;4;4;3;3;4;2;3;4
6/2/2024 15:07:18;Perempuan;10-15 tahun;Pelajar siswa/i;Tangerang;Ya;Shopee;1 - 2 kali;< Rp 100.000;3;3;3;4;3;4;4;4;4;4;4;4;4;4;4;4;4;4;3;3;3;4
